,C1-Ang [Deg],C1-Mag [Arms],C2-Ang [Deg],C2-Mag [Arms],C3-Ang [Deg],C3-Mag [Arms],L1-Ang [Deg],L1-Mag [Vrms],L2-Ang [Deg],L2-Mag [Vrms],L3-Ang [Deg],L3-Mag [Vrms],Active-Power-1 [W],Reactive-Power-1 [VAR],Apparent-Power-1 [VA],Active-Power-2 [W],Reactive-Power-2 [VAR],Apparent-Power-2 [VA],Active-Power-3 [W],Reactive-Power-3 [VAR],Apparent-Power-3 [VA],Voltage-Sag [-],Voltage-Swell [-],PV-Generation [-]
1528497993833333302,232.84994506835938,2.4534149169921875,112.22132873535156,2.2172322273254395,357.67083740234375,2.3285014629364014,297.8994140625,121.45478057861328,178.16671752929688,120.5663070678711,58.41240692138672,121.51956176757812,125.69813808398213,270.16928931647124,297.97897041158285,108.96298391058473,244.1084239100888,267.3235015604987,138.2958468563249,246.85979552612298,282.95847735119605,False,False,False
1528497993841666635,232.7038116455078,2.454097032546997,112.30355834960938,2.223367214202881,357.7325134277344,2.3295059204101562,297.8814392089844,121.45515441894531,178.14877319335938,120.57765197753906,58.3929328918457,121.51927185058594,125.12867696534514,270.5257984527858,298.06273404707105,109.70260591353566,244.61546862460773,268.0883981724255,138.70482158331222,246.76949047668452,283.0798632198712,False,False,False
1528497993849999968,232.75172424316406,2.4547812938690186,112.4038314819336,2.220302104949951,357.73895263671875,2.3344502449035645,297.8701171875,121.45740509033203,178.139892578125,120.58390808105469,58.38192367553711,121.5244369506836,125.44558162711772,270.47669605421873,298.1513660176188,110.02225278660887,244.08175921976655,267.73270493545715,139.0804331352293,247.26142123272862,283.6927516012911,False,False,False
1528497993858333301,232.7852783203125,2.450674295425415,112.4094467163086,2.2163000106811523,357.61590576171875,2.3379364013671875,297.8578186035156,121.45906829833984,178.12954711914062,120.58074188232422,58.3734130859375,121.5254135131836,125.45347623609986,269.92755828362,297.6566166250613,109.8889184543968,243.60480258588427,267.2430995217364,138.79394411339914,247.91060872072458,284.11868794367183,False,False,False
1528497993866666634,232.6693878173828,2.4495251178741455,112.31553649902344,2.2231600284576416,357.585693359375,2.333299398422241,297.84234619140625,121.46385192871094,178.11410522460938,120.57616424560547,58.361297607421875,121.52488708496094,124.92651556879623,270.0309731893131,297.5287562131234,109.89012078615713,244.5002724925502,268.0601087355735,138.43990967710312,247.46157612913308,283.55394592867015,False,False,False
1528497993874999967,232.64804077148438,2.4521596431732178,112.25033569335938,2.2228853702545166,357.6560974121094,2.3271725177764893,297.827880859375,121.46619415283203,178.09674072265625,120.57490539550781,58.344085693359375,121.52351379394531,125.03081929235739,270.34163014071106,297.8544993114174,109.67125292901096,244.5591634637459,268.0241932234967,138.45208325525138,246.59756076166093,282.80618156490164,False,False,False
1528497993883333300,232.72030639648438,2.4539005756378174,112.00855255126953,2.216647148132324,357.6302490234375,2.3300821781158447,297.81231689453125,121.46199035644531,178.0789031982422,120.57593536376953,58.32630157470703,121.52201080322266,125.52979937601364,270.3320898550266,298.0556480537962,108.4103701852709,244.3005215263933,267.2743032574872,138.58872271873284,246.92233615798455,283.15627162139026,False,False,False
1528497993891666633,232.74615478515625,2.453446388244629,111.82711029052734,2.220768690109253,357.60101318359375,2.3381121158599854,297.79571533203125,121.46023559570312,178.0655975341797,120.57361602783203,58.31275939941406,121.5255355834961,125.70496442844211,270.1850903175187,297.99617633761954,107.89115997750308,245.06772120039633,267.7661113278645,139.00248753915676,247.81855047963234,284.140327134146,False,False,False
1528497993899999966,232.88070678710938,2.4546256065368652,112.09748077392578,2.2288215160369873,357.60406494140625,2.3430609703063965,297.7790832519531,121.46248626708984,178.05287170410156,120.56433868408203,58.29991149902344,121.5252456665039,126.48055720296146,269.98716145929967,298.1449290248311,109.48789836532904,245.39946925101182,268.7163921258525,139.36527828979456,248.30382694014975,284.74106002808185,False,False,False
1528497993908333299,232.9422607421875,2.4597649574279785,112.34367370605469,2.231826066970825,357.5161437988281,2.3447153568267822,297.76251220703125,121.46592712402344,178.0367431640625,120.56221008300781,58.28498458862305,121.52374267578125,127.11776645359554,270.3870305217612,298.77763106117345,110.7574294278871,245.22142325369347,269.0738831548697,139.14528731067028,248.65354737747865,284.9385856709705,False,False,False
1528497993916666632,232.76036071777344,2.4600284099578857,112.20477294921875,2.232478141784668,357.4971618652344,2.3383069038391113,297.7496643066406,121.46797180175781,178.02276611328125,120.56783294677734,58.27220916748047,121.52799987792969,126.33508900906743,270.7944741528649,298.81466153228763,110.25984892041451,245.54549629149864,269.16505165602575,138.74298060358092,247.99765819597653,284.16976112432167,False,False,False
1528497993924999965,232.7651824951172,2.457017660140991,112.02032470703125,2.230954885482788,357.5226745605469,2.330347776412964,297.7391662597656,121.46652221679688,178.0105743408203,120.56781768798828,58.26066589355469,121.52999114990234,126.25127713437936,270.4260822389497,298.445390202578,109.44639139158782,245.70807976654004,268.98136190301557,138.43281285077478,247.0680940620187,283.2071446436621,False,False,False
1528497993933333298,232.97877502441406,2.4574990272521973,111.97415924072266,2.223224639892578,357.4808654785156,2.335453748703003,297.72479248046875,121.46112060546875,177.99717712402344,120.55828857421875,58.24797439575195,121.52572631835938,127.34551802715258,269.96249519508183,298.4905857369013,108.91849643330303,244.8996824325413,268.028157701483,138.60541316666252,247.6712209903388,283.8177130940676,False,False,False
1528497993941666631,232.87905883789062,2.458665370941162,111.92442321777344,2.218756914138794,357.512939453125,2.344465970993042,297.70379638671875,121.45370483398438,177.97723388671875,120.54586029052734,58.23026657104492,121.51725006103516,127.0269965637505,270.2489112616483,298.6140182478266,108.5613221425114,244.43882652211576,267.4619609904166,139.346522661325,248.48863338834755,284.8930576567491,False,False,False
1528497993949999964,232.60838317871094,2.459982395172119,112.097412109375,2.2256836891174316,357.5889892578125,2.34342098236084,297.68255615234375,121.45130157470703,177.95301818847656,120.54576110839844,58.20596694946289,121.51116943359375,125.9141978034969,270.9390534883277,298.7680637445191,109.7434576476927,244.82547076408656,268.29673429120885,139.7122229908122,248.12113179281445,284.7518240418868,False,False,False
1528497993958333297,232.56777954101562,2.4641458988189697,112.35057067871094,2.2295525074005127,357.6190490722656,2.337251663208008,297.66595458984375,121.45130157470703,177.93336486816406,120.55492401123047,58.18324661254883,121.50782775878906,126.01360307479334,271.4504288483731,299.27372668154027,111.10916916940326,244.7434170654847,268.78353310871717,139.56848166976437,247.3326556453344,283.9943725220218,False,False,False
1528497993966666630,232.67562866210938,2.4647750854492188,112.1657943725586,2.221452474594116,357.56756591796875,2.336994171142578,297.6488342285156,121.44441986083984,177.91763305664062,120.55643463134766,58.16455841064453,121.50650024414062,126.63052264347473,271.2288030195153,299.3331803398324,109.98694007685398,244.18287824074562,267.810390040051,139.41000697156906,247.38254142725606,283.9599828264909,False,False,False
1528497993974999963,232.77880859375,2.455845594406128,111.986328125,2.217186212539673,357.496337890625,2.3416378498077393,297.62689208984375,121.43891143798828,177.8997802734375,120.54769897460938,58.14671325683594,121.50645446777344,126.75587080936094,269.95776163292254,298.23521564445946,109.07993086294987,244.0049199743652,267.27669611988676,139.45595976138014,248.00404440040427,284.52411277767897,False,False,False
1528497993983333296,232.76614379882812,2.4495553970336914,111.94139862060547,2.218295097351074,357.4892578125,2.34322452545166,297.6056823730469,121.43851470947266,177.87863159179688,120.54080963134766,58.12690734863281,121.50091552734375,126.47095193103304,269.2465762431947,297.4703691143441,109.02691871443659,244.1582756463472,267.39508703594765,139.59920751247307,248.12977702296297,284.7039251285023,False,False,False
1528497993991666629,232.66891479492188,2.454031467437744,111.6628189086914,2.220160961151123,357.493408203125,2.339003801345825,297.58880615234375,121.43609619140625,177.85626220703125,120.54203796386719,58.105499267578125,121.49417877197266,126.32112497173095,269.9106189953562,298.00800133650773,108.02591318084713,244.8516408278467,267.62272686497454,139.4504949242245,247.60691980107427,284.1753459890333,False,False,False
1528497994000000000,232.57728576660156,2.4579241275787354,111.70732879638672,2.2268261909484863,357.47369384765625,2.3369140625,297.572021484375,121.43096160888672,177.83656311035156,120.54203796386719,58.08622360229492,121.48900604248047,126.16291865471283,270.49236389918616,298.4680903735698,108.62537256273616,245.46514151543025,268.4261672482462,139.31807952282153,247.37623409546222,283.9093666598201,False,False,False
1528497994008333333,232.4898681640625,2.4601192474365234,112.08248901367188,2.2263739109039307,357.43121337890625,2.342151403427124,297.55194091796875,121.42672729492188,177.82090759277344,120.53508758544922,58.068695068359375,121.4885482788086,125.95293193003397,270.8727079512135,298.72422897146316,110.26839528578317,244.65468994524244,268.3561743487644,139.5217990981469,247.9904878917098,284.54457385153546,False,False,False
1528497994016666666,232.53639221191406,2.469160318374634,112.18733215332031,2.216435432434082,357.4397888183594,2.346160411834717,297.5340576171875,121.42693328857422,177.80645751953125,120.5278549194336,58.05512237548828,121.49226379394531,126.72156332665152,271.7263624052328,299.82256525807134,110.27641577485595,243.31886804459668,267.1422082387071,139.8609090330208,248.36851925423213,285.0403396575348,False,False,False
1528497994024999999,232.665283203125,2.469982624053955,112.12456512451172,2.2135443687438965,357.5041809082031,2.3461525440216064,297.5216064453125,121.42672729492188,177.79258728027344,120.52701568603516,58.04356002807617,121.4917984008789,127.43370412277187,271.5028564502765,299.92190651419514,109.92438855832467,243.0936959830027,266.7918968533304,140.18902987496915,248.18111078342395,285.0382918959822,False,False,False
1528497994033333332,232.59742736816406,2.4580862522125244,112.07176971435547,2.219444513320923,357.44580078125,2.3472745418548584,297.5094909667969,121.4234848022461,177.77862548828125,120.53175354003906,58.028114318847656,121.49002075195312,126.55363553832892,270.31122670967665,298.4693986881375,110.056488050422,243.8258867032933,267.5135390753894,140.0679207739032,248.40119426783664,285.170432800478,False,False,False
1528497994041666665,232.47564697265625,2.4508509635925293,112.05477905273438,2.2213051319122314,357.30609130859375,2.349334478378296,297.49566650390625,121.41934204101562,177.76622009277344,120.53360748291016,58.0125846862793,121.49009704589844,125.66880042413337,269.7436420401644,297.58071143999405,110.1309156241599,244.04286020035843,267.7419208696829,139.65175728079987,248.92260217353714,285.42087377145435,False,False,False
1528497994049999998,232.50979614257812,2.452798366546631,112.11492156982422,2.2179603576660156,357.3134460449219,2.347412109375,297.4815979003906,121.41985321044922,177.75546264648438,120.52995300292969,58.000850677490234,121.49324035644531,125.99632604815886,269.8531743311456,297.81841762092154,110.26318949044742,243.53174243752167,267.330657671846,139.62395388538607,248.67885007428694,285.19470361992717,False,False,False
1528497994058333331,232.46157836914062,2.4514546394348145,112.11009216308594,2.216003179550171,357.43438720703125,2.343087673187256,297.45843505859375,121.41748046875,177.73777770996094,120.50768280029297,57.98637390136719,121.4879379272461,125.80689064990798,269.7551090381685,297.6494458036031,110.20011598853448,243.24716750912336,267.04540824567266,139.946905689943,247.87982672543959,284.6568897982688,False,False,False
1528497994066666664,232.36756896972656,2.442814350128174,111.98089599609375,2.2114574909210205,357.48260498046875,2.3420238494873047,297.4127502441406,121.39582824707031,177.69451904296875,120.4718017578125,57.94658660888672,121.4587631225586,125.11440138408786,268.8620264994559,296.5474712876385,109.57720648365327,242.84054352374497,266.41826844206656,140.2300823356249,247.49268417780763,284.45931996226136,False,False,False
1528497994074999997,232.36647033691406,2.4426419734954834,111.93183135986328,2.2070395946502686,357.4530029296875,2.3396294116973877,297.3657531738281,121.37242126464844,177.64036560058594,120.46625518798828,57.88975524902344,121.43482971191406,125.2967332405925,268.6909308976367,296.46937060580603,109.37478956526081,242.33454208063512,265.87379501913347,140.17656936447148,247.12434441390286,284.11249919845795,False,False,False
1528497994083333330,232.31410217285156,2.4439568519592285,111.9573974609375,2.2105579376220703,357.3857116699219,2.3368239402770996,297.3411560058594,121.36380004882812,177.6112060546875,120.48164367675781,57.85531234741211,121.43604278564453,125.22496713204623,268.8771995497294,296.6078907091433,109.79495552073428,242.64710495013952,266.3316537674109,139.86834707020193,246.91070977616596,283.7746519940083,False,False,False
1528497994091666663,232.2984619140625,2.43519926071167,111.98294830322266,2.2149741649627686,357.2036437988281,2.3370931148529053,297.32696533203125,121.35826873779297,177.59771728515625,120.48125457763672,57.840248107910156,121.4360122680664,124.76377548184148,267.904660306718,295.5315663115216,110.1795839457855,243.05606074657433,266.8628662517676,139.16406092548777,247.34576934138306,283.80726816689094,False,False,False
1528497994099999996,232.40664672851562,2.43133282661438,111.96572875976562,2.2139534950256348,357.14019775390625,2.3371171951293945,297.309326171875,121.35559844970703,177.5789337158203,120.47283172607422,57.82250213623047,121.42872619628906,125.15002587032284,267.1992248573792,295.05585020420585,110.12774482898975,242.92406908965336,266.7212468555772,138.95982340909825,247.44439253623156,283.7931639760063,False,False,False
1528497994108333329,232.369140625,2.437180757522583,111.82624816894531,2.210949182510376,357.3580322265625,2.3390491008758545,297.289794921875,121.35470581054688,177.55715942382812,120.47233581542969,57.8009033203125,121.4212646484375,125.36608552385236,267.8792751836357,295.76335383627884,109.47924332968228,242.8188472618084,266.35821238623976,140.09976346796927,247.05041333154824,284.0102999031369,False,False,False
1528497994116666662,232.16871643066406,2.4434213638305664,111.68540954589844,2.2092156410217285,357.4712219238281,2.343689441680908,297.27130126953125,121.34953308105469,177.53941345214844,120.47630310058594,57.78081512451172,121.41802215576172,124.82837113784005,268.95147611616,296.5080416211131,108.87548082844455,242.87091537163545,266.158133182289,140.94937052808777,247.20671718680893,284.5661365562373,False,False,False
1528497994124999995,232.10723876953125,2.4438586235046387,111.71841430664062,2.2084062099456787,357.4324951171875,2.3474273681640625,297.2572326660156,121.34803009033203,177.52796936035156,120.4786148071289,57.76690673828125,121.42472076416016,124.62654119297325,269.099487901631,296.5574297815583,109.025994379305,242.70208177333143,266.0657211057168,141.0746870170267,247.67577635635178,285.03571269346867,False,False,False
1528497994133333328,232.1041259765625,2.4405791759490967,111.76692199707031,2.206740379333496,357.36932373046875,2.34419584274292,297.24517822265625,121.34220123291016,177.51779174804688,120.47352600097656,57.75480651855469,121.42475891113281,124.49526092988162,268.70604534173054,296.14524949286533,109.18748584729022,242.3970564319425,265.8537944670388,140.66000406651818,247.46037457498923,284.64341504553886,False,False,False
1528497994141666661,232.09100341796875,2.4424586296081543,111.7007827758789,2.2038934230804443,357.3043212890625,2.3381316661834717,297.2233581542969,121.33328247070312,177.49807739257812,120.46244812011719,57.73551940917969,121.41387939453125,124.62279191589725,268.8742918508648,296.35152282925264,108.84042329836794,242.15034446116445,265.4863971400955,140.08660109039027,246.90995833465277,283.88163612653443,False,False,False
1528497994149999994,232.13511657714844,2.4464306831359863,111.75733184814453,2.20613169670105,357.3567810058594,2.341310739517212,297.19757080078125,121.33100891113281,177.47109985351562,120.4576416015625,57.711490631103516,121.40460205078125,125.15158036850953,269.1540189931497,296.82790301604103,109.29985318067085,242.22751909818638,265.74542124706204,140.59626984505869,247.03930817037934,284.24589860830747,False,False,False
1528497994158333327,232.21221923828125,2.440868377685547,111.84486389160156,2.214174509048462,357.286865234375,2.350008487701416,297.17547607421875,121.32161712646484,177.44622802734375,120.45377349853516,57.68706130981445,121.3953857421875,125.32207425563496,268.30470197885745,296.1300987736613,110.17151293312568,242.8871233888245,266.7056747991537,140.91097913107834,248.05015818639868,285.2801868619281,False,False,False
1528497994166666660,232.2436981201172,2.4318487644195557,111.9019775390625,2.2168591022491455,357.0267333984375,2.3534231185913086,297.15185546875,121.30732727050781,177.42477416992188,120.44538116455078,57.66282653808594,121.38811492919922,125.10125005485266,267.1615819297045,295.0010739378231,110.63074457984035,243.0131954996162,267.0104395585022,140.08339194151392,248.9745612639063,285.6775959965962,False,False,False
1528497994174999993,232.19187927246094,2.4293694496154785,111.80886840820312,2.214005470275879,356.90216064453125,2.3496766090393066,297.1285095214844,121.30158996582031,177.40492248535156,120.44011688232422,57.641883850097656,121.38458251953125,124.83515766950696,266.93865233837676,294.68637685274734,110.17311766128245,242.83083528317658,266.65507761813205,139.40650224273034,248.8235243460125,285.214514244144,False,False,False
1528497994183333326,232.18988037109375,2.431509494781494,111.51085662841797,2.214012861251831,356.9761962890625,2.3427343368530273,297.11126708984375,121.30677795410156,177.38525390625,120.44155883789062,57.625606536865234,121.3836898803711,125.02154963084216,267.15197443703073,294.9585823767484,108.99381751088019,243.3669154062186,266.659160296309,139.38447020405428,247.86713674739036,284.3697382166647,False,False,False
1528497994191666659,232.21954345703125,2.436854600906372,111.38197326660156,2.215351104736328,357.06134033203125,2.3380863666534424,297.0973815917969,121.31071472167969,177.36737060546875,120.44075012207031,57.609405517578125,121.383544921875,125.50391650645614,267.6526206790384,295.6165733087655,108.58700078789464,243.72320624842635,266.8185488382005,139.54510659964382,247.12863312213526,283.8052115179016,False,False,False
1528497994199999992,232.22955322265625,2.4367752075195312,111.35400390625,2.2154579162597656,357.0430603027344,2.3332698345184326,297.0794982910156,121.30728149414062,177.3495330810547,120.43733978271484,57.589237213134766,121.38189697265625,125.6265531752722,267.5751993218274,295.5985760365147,108.54606030808104,243.7472541414245,266.8238578348828,139.26387619575988,246.61160255982563,283.2167186629231,False,False,False
1528497994208333325,232.26779174804688,2.433335542678833,111.46023559570312,2.214298725128174,356.9565734863281,2.3281867504119873,297.06072998046875,121.30743408203125,177.3331756591797,120.43992614746094,57.57234191894531,121.38493347167969,125.71516923327242,267.07288685414034,295.1816909429763,109.012602906217,243.39226596579445,266.68997492285416,138.66497064861997,246.24911334192416,282.6067938084052,False,False,False
1528497994216666658,232.27418518066406,2.4391002655029297,111.60322570800781,2.2120792865753174,356.9627380371094,2.3295514583587646,297.04840087890625,121.31364440917969,177.3216094970703,120.44246673583984,57.564937591552734,121.3922119140625,126.1069233660597,267.6781106101237,295.8961422875582,109.56114772683013,242.8587787815586,266.428285890388,138.8129219357439,246.37536379834316,282.7894042978005,False,False,False
1528497994224999991,232.17295837402344,2.4438297748565674,111.43051147460938,2.2107954025268555,357.0205383300781,2.3316617012023926,297.0386962890625,121.3193130493164,177.31039428710938,120.44233703613281,57.55792999267578,121.39476013183594,125.92876407247736,268.41117728930436,296.48374949506433,108.81286129134018,243.0252376198722,266.27336498907243,139.22043054260817,246.44640530804733,283.05151292605296,False,False,False
1528497994233333324,232.0030975341797,2.440136194229126,111.31612396240234,2.2130534648895264,356.99334716796875,2.3335893154144287,297.0255126953125,121.32252502441406,177.29624938964844,120.44510650634766,57.54308319091797,121.39156341552734,125.00840680596419,268.35544141164985,296.04348448734163,108.50070650748239,243.4692540472054,266.5514602828607,139.27871413648,246.67366385879822,283.27805536792766,False,False,False
1528497994241666657,231.9890594482422,2.4399123191833496,111.38197326660156,2.2172231674194336,356.9891357421875,2.3363571166992188,297.0104675292969,121.32237243652344,177.280517578125,120.45136260986328,57.523067474365234,121.39173126220703,125.00149684597426,268.3282860455724,296.01595110042405,109.05801013748805,243.7856181354414,267.0675517258278,139.51221850030956,246.9281044499977,283.61443524289643,False,False,False
1528497994249999990,232.19342041015625,2.4451210498809814,111.32048797607422,2.2120585441589355,357.0748291015625,2.3360331058502197,296.9955139160156,121.32392883300781,177.26593017578125,120.45684814453125,57.505653381347656,121.39994812011719,126.29833965352594,268.4230912419835,296.6516922438495,108.60980945946058,243.31782088833796,266.4576001405658,139.94641814099455,246.6591288125445,283.59429785709284,False,False,False
1528497994258333323,232.31167602539062,2.446568489074707,111.23117065429688,2.202561855316162,357.0611572265625,2.3372304439544678,296.9835205078125,121.33120727539062,177.25511169433594,120.460205078125,57.49533462524414,121.40648651123047,126.9909559648173,268.31011073118344,296.84510846136254,107.81450526583713,242.42791404282482,265.3210527886404,140.0112454325107,246.8070401455666,283.7549363675953,False,False,False
1528497994266666656,232.294677734375,2.442263603210449,111.22683715820312,2.2045929431915283,356.7931213378906,2.340602159500122,296.9737548828125,121.33612823486328,177.24465942382812,120.46229553222656,57.48700714111328,121.40731048583984,126.73883650984315,267.86486664966804,296.3348097424823,107.94171217115888,242.64415338325594,265.57032665099905,139.09240207522473,247.79778117211268,284.16621310225855,False,False,False
1528497994274999990,232.25906372070312,2.438896656036377,111.31941223144531,2.2109808921813965,356.56884765625,2.3430888652801514,296.96307373046875,121.3406982421875,177.23171997070312,120.46849060058594,57.4754638671875,121.40914916992188,126.45245917276493,267.56071088622167,295.9374231839902,108.70802904442708,243.15996341035998,266.3535308278297,138.3203015273564,248.58007782439182,284.4724255631809,False,False,False
1528497994283333323,232.20175170898438,2.437211513519287,111.41476440429688,2.2122292518615723,356.4964294433594,2.3429698944091797,296.9544677734375,121.34716033935547,177.22183227539062,120.4797134399414,57.46360397338867,121.41604614257812,126.14446833626114,267.4974102274243,295.74869631194815,109.22628246296885,243.11970680789238,266.5287463277382,138.0583220043268,248.72763520582745,284.47414081025636,False,False,False
1528497994291666656,232.14830017089844,2.4389901161193848,111.4109878540039,2.2128090858459473,356.45672607421875,2.335555076599121,296.9510803222656,121.35305786132812,177.22027587890625,120.48851776123047,57.45941925048828,121.42620849609375,126.00869503326854,267.8158381465985,295.9789086846431,109.25347126122873,243.20543425003126,266.6180868421616,137.47918441350345,248.04651028755546,283.5975976852351,False,False,False
1528497994299999989,232.07730102539062,2.4454076290130615,111.3558120727539,2.2148077487945557,356.5840148925781,2.3257577419281006,296.94927978515625,121.36162567138672,177.2208709716797,120.48965454101562,57.461116790771484,121.43292999267578,126.02475231028373,268.6918794885052,296.7786452862365,109.11618292342061,243.53372741762465,266.8614205270205,137.4511893222826,246.71896447314697,282.42357705547875,False,False,False
1528497994308333322,232.03578186035156,2.448881149291992,111.31190490722656,2.21114182472229,356.7928466796875,2.3277084827423096,296.9458312988281,121.3733901977539,177.21420288085938,120.49134063720703,57.45893096923828,121.434814453125,126.0371616112473,269.183425682552,297.229007280941,108.77905287781901,243.20478722323102,266.423442799789,138.4771073293139,246.421401003525,282.66484770277754,False,False,False
1528497994316666655,232.11094665527344,2.4422051906585693,111.41921997070312,2.20733642578125,356.8897705078125,2.3343896865844727,296.9451904296875,121.35926818847656,177.21041870117188,120.49677276611328,57.44864273071289,121.42676544189453,126.03396683013052,268.25184768494694,296.38423470442285,109.0673294408005,242.58614416801166,265.97691571572796,139.3275262227016,246.85204429300123,283.45738892287045,False,False,False
1528497994324999988,232.2080535888672,2.440342903137207,111.43901062011719,2.213315963745117,356.8157958984375,2.33426833152771,296.89984130859375,121.35671997070312,177.1864013671875,120.46068572998047,57.42845153808594,121.4464111328125,126.60126544247625,267.7277214073738,296.15201032851473,109.51592810707301,243.08678309178208,266.6175587298494,139.1110176178756,247.00983972568903,283.48851148501853,False,False,False
1528497994333333321,232.11270141601562,2.446267604827881,111.42710876464844,2.2097461223602295,356.7481384277344,2.335615396499634,296.98712158203125,121.30963897705078,177.21844482421875,120.55481719970703,57.43019485473633,121.367919921875,126.0036198641722,268.67660178195,296.75583998292495,109.23840940673283,242.9682151153632,266.3955398388989,138.80205902750353,247.16095769985773,283.4687824106659,False,False,False
1528497994341666654,232.5294952392578,2.2705931663513184,113.89552307128906,2.1381335258483887,355.6807861328125,2.2690787315368652,297.53692626953125,118.29541015625,178.08212280273438,120.27803802490234,56.981956481933594,120.29602813720703,113.48400854914382,243.44967171192096,268.60074991150753,111.98275001474816,231.50924951449372,257.170505524311,131.07747174314585,239.42951089681574,272.9611589344968,False,False,False
1528497994349999987,234.84156799316406,1.87003493309021,119.26188659667969,2.0007970333099365,353.24212646484375,2.082395076751709,297.762451171875,111.0149154663086,179.66964721679688,118.54641723632812,55.53438186645508,118.21530151367188,94.50456328220038,184.84421125001194,207.6017700160537,117.12881250717932,206.24903880885705,237.18731991596724,114.46007360321603,217.94273105141914,246.17096186878916,False,False,False
1528497994358333320,237.45150756835938,1.6024893522262573,122.56128692626953,1.9065123796463013,351.91796875,1.9271126985549927,297.04901123046875,105.20063781738281,180.3965606689453,116.44561767578125,53.96059799194336,116.76915740966797,85.31497555794589,145.40134034922724,168.5829019497669,118.18552732277064,187.93191940467534,222.00501165443706,105.4960737237363,198.76588212082763,225.02732604373796,True,False,False
1528497994366666653,237.94888305664062,1.554240107536316,122.7463150024414,1.8787132501602173,351.8202209472656,1.8904222249984741,296.29949951171875,103.57501220703125,180.17662048339844,115.52364349365234,53.18719482421875,116.38672637939453,84.46962640281451,137.03862108796918,160.98043811073148,116.83582097614874,182.90415332866843,217.03579973830983,105.43313927823425,193.11312076287174,220.0200542424236,True,False,False
1528497994374999986,237.415283203125,1.5403807163238525,122.68895721435547,1.8588212728500366,351.4329528808594,1.8835076093673706,295.90338134765625,103.17118072509766,179.93345642089844,115.15009307861328,52.86699676513672,116.22840118408203,83.06513172183878,135.4867933361152,158.92289726930358,115.80932073410465,180.00776801245,214.04344258518813,104.67960010164784,192.26769980061687,218.917078054822,True,False,False
1528497994383333319,237.4189453125,1.5534210205078125,122.08149719238281,1.8477095365524292,351.3242492675781,1.8624480962753296,295.3992614746094,103.47095489501953,179.5457000732422,114.73540496826172,52.73777389526367,116.32054901123047,85.22284389790676,136.28085559083956,160.73395634593908,114.0179683733412,178.72584736372968,211.99770194006217,103.65937450863292,190.23157068645344,216.6409850636674,True,False,False
1528497994391666652,236.15048217773438,1.7612289190292358,118.49846649169922,1.8973466157913208,352.796875,1.931557297706604,294.6236267089844,107.46235656738281,178.28359985351562,115.00633239746094,53.34032440185547,117.5671615600586,98.96674265518575,161.32926181748087,189.26581009350596,109.8113411742019,188.5622175703869,218.20687556889425,111.67342320163502,197.73182362911783,227.0877088819825,True,False,False
1528497994399999985,233.3421630859375,2.11525297164917,113.89869689941406,2.0022082328796387,355.6302490234375,2.1162452697753906,294.3446044921875,114.51338958740234,176.64605712890625,116.59135437011719,54.74998092651367,119.51835632324219,117.4238799472251,211.85957650034385,242.22478761837192,106.89572585922421,207.52738753485937,233.44016960243607,129.81531899819754,217.07521019008038,252.93015622039093,False,False,False
1528497994408333318,232.55416870117188,2.3119089603424072,112.4125747680664,2.09597110748291,357.3165283203125,2.242708444595337,294.9959716796875,119.06885528564453,176.07223510742188,118.42808532714844,55.94622802734375,120.56791687011719,127.3564227045582,244.04387383223707,275.276353432595,110.1365939522414,222.4500282925252,248.22184516022386,140.7606641230853,230.87200881445395,270.3986853118804,False,False,False
1528497994416666651,233.04345703125,2.3676605224609375,112.22886657714844,2.156233310699463,357.2801208496094,2.2775352001190186,295.7489929199219,120.2654800415039,176.3306884765625,119.38446044921875,56.51271438598633,120.79425048828125,130.5750166386771,253.04444535702345,284.7478293090826,112.43448074909989,231.56841381205393,257.42075040048803,140.735277481934,236.3912669266222,275.11315745905443,False,False,False
1528497994424999984,232.83937072753906,2.4027388095855713,111.64855194091797,2.189210891723633,356.99761962890625,2.298032522201538,296.19293212890625,120.75657653808594,176.576904296875,119.85474395751953,56.827213287353516,120.97574615478516,130.12596962237927,259.33035112211223,290.14651296074953,111.18695291448216,237.6648110703707,262.38731089654897,139.71854174492506,240.34595026581877,278.00619906129396,False,False,False
1528497994433333317,232.643310546875,2.424942970275879,111.46424102783203,2.206489324569702,356.97271728515625,2.315856456756592,296.4837646484375,121.0851821899414,176.76934814453125,120.19773864746094,57.04415512084961,121.15782928466797,129.45095835474967,263.54865041867527,293.62466135607247,110.80314956698223,240.95989848754897,265.21502716304167,139.98899180135203,243.167725011586,280.58414123551125,False,False,False
1528497994441666650,232.53623962402344,2.441960096359253,111.5111312866211,2.21628475189209,356.885009765625,2.3226118087768555,296.6519775390625,121.2714614868164,176.91903686523438,120.39732360839844,57.18455123901367,121.3236083984375,129.28133421743337,266.4306242740563,296.14006977797357,111.04470537552389,242.6311161828709,266.834752481911,139.6160904824151,244.76851199206544,281.7876455496298,False,False,False
1528497994449999983,232.43002319335938,2.4477198123931885,111.42835235595703,2.2265663146972656,356.74072265625,2.328227996826172,296.7490234375,121.42591857910156,177.01844787597656,120.5304183959961,57.28232192993164,121.47342681884766,128.8018711668271,267.8578002180033,297.21662664410906,110.90665673599094,244.3800672732314,268.36896949689253,139.08741025354595,246.25316054678424,282.81783319005626,False,False,False
1528497994458333316,232.37582397460938,2.455475091934204,111.26234436035156,2.234908103942871,356.7670593261719,2.3405649662017822,296.8180236816406,121.53128051757812,177.09506225585938,120.62026977539062,57.36022186279297,121.58651733398438,128.7434969552375,269.21708173861475,298.4170322017817,110.36466444486148,245.94804172546876,269.57521842079586,139.73153738871198,247.91434874957437,284.58114283440955,False,False,False
1528497994466666649,232.3070831298828,2.4690170288085938,111.19493865966797,2.2372214794158936,356.7914733886719,2.3527095317840576,296.8780822753906,121.57321166992188,177.15890502929688,120.6827163696289,57.416622161865234,121.65377044677734,128.88911405926143,271.085635655293,300.1663298599887,109.97153799814754,246.58264761574495,269.99396525638986,140.39503874616844,249.4169668267653,286.21598530760275,False,False,False
1528497994474999982,232.19046020507812,2.4803884029388428,111.15579223632812,2.238192081451416,356.7640075683594,2.3590855598449707,296.91876220703125,121.59355163574219,177.20370483398438,120.72896575927734,57.4500846862793,121.69786071777344,128.75609987614214,272.7342397060772,301.5992353494402,109.69972027694685,246.94515508410876,270.2146151642337,140.56041599708757,250.33315965671585,287.0956658833238,False,False,False
1528497994483333315,232.1603240966797,2.4811224937438965,110.92728424072266,2.239575147628784,356.8575744628906,2.3561460971832275,296.94073486328125,121.63592529296875,177.23013305664062,120.76775360107422,57.47349166870117,121.7439956665039,128.59083265852522,273.02709213712245,301.7936302917369,108.70188200748005,247.66325622987912,270.4684595999224,140.7446615229133,249.94386424298696,286.84664024512495,False,False,False
1528497994491666648,232.07754516601562,2.478991746902466,110.79016876220703,2.238548517227173,356.9456787109375,2.3586812019348145,296.961669921875,121.67681121826172,177.25010681152344,120.79731750488281,57.49388885498047,121.7745132446289,128.0294155689509,273.116515622422,301.63581079948017,107.99936372467965,247.9073623465297,270.41065598557543,141.22706963303023,250.1087982655889,287.2272552648683,False,False,False
1528497994499999981,231.92709350585938,2.4820311069488525,111.00038146972656,2.2373807430267334,356.87957763671875,2.3675308227539062,296.9801940917969,121.69894409179688,177.2616729736328,120.8157730102539,57.505836486816406,121.78334045410156,127.40254093655714,273.8780338798539,302.0605649186691,108.81805188039435,247.44010504929463,270.31088398703105,141.4250858228658,251.25827169281044,288.32581222301815,False,False,False
1528497994508333314,231.77865600585938,2.485502004623413,111.01152038574219,2.2407689094543457,356.85186767578125,2.3699982166290283,296.99005126953125,121.71916198730469,177.263671875,120.83023071289062,57.510948181152344,121.7896957397461,126.84356678111307,274.6580773394576,302.5332211205278,109.03541723729445,247.82707954377713,270.7526243036409,141.43575121224245,251.61431590252215,288.6413617069902,False,False,False
1528497994516666647,231.68026733398438,2.4855635166168213,110.80923461914062,2.2423646450042725,356.8574523925781,2.3672709465026855,296.98565673828125,121.74031066894531,177.26011657714844,120.8407974243164,57.510772705078125,121.80964660644531,126.417907017993,274.9203569746305,302.59327470032804,108.26167696189388,248.40225381389286,270.96913181841046,141.32140703714106,251.3517354462216,288.35643741519743,False,False,False
1528497994524999980,231.79141235351562,2.4858558177948,110.68876647949219,2.243605613708496,356.82611083984375,2.3661623001098633,296.9736633300781,121.74911499023438,177.25323486328125,120.8470458984375,57.50315856933594,121.82705688476562,127.03258800045812,274.700192073394,302.6507458098422,107.8342348600999,248.76684152785037,271.13311057782266,141.171344268276,251.32841433424676,288.2625891340722,False,False,False
1528497994533333313,231.9146728515625,2.4830000400543213,110.72145080566406,2.248716354370117,356.64874267578125,2.362576961517334,296.95654296875,121.74398040771484,177.2385711669922,120.84779357910156,57.48582458496094,121.82754516601562,127.55316248680263,274.0613456666864,302.29030822872846,108.2865489609239,249.245653025581,271.7524098108697,140.2565193686549,251.3413272367754,287.82695148744097,False,False,False
1528497994541666646,231.90585327148438,2.478821277618408,110.8046875,2.2520065307617188,356.54815673828125,2.3581936359405518,296.93572998046875,121.73506927490234,177.2169189453125,120.85008239746094,57.46155548095703,121.8232421875,127.38644060690572,273.55342894906016,301.7594799509789,108.90381831867893,249.41611320685354,272.15517480217386,139.6570817925258,251.05239191107452,287.28279443620704,False,False,False
1528497994549999979,231.7889404296875,2.478569507598877,110.81657409667969,2.247847080230713,356.6887512207031,2.3585832118988037,296.9134216308594,121.7357406616211,177.1945343017578,120.85594940185547,57.437591552734375,121.82626342773438,126.92239416101366,273.7370953049035,301.7304947888588,108.85684997921621,248.90246073741199,271.6656929914716,140.4042213519597,250.69787472792697,287.3373796890155,False,False,False
1528497994558333312,231.74911499023438,2.481545925140381,110.76510620117188,2.2438342571258545,356.75390625,2.3628101348876953,296.8966979980469,121.75062561035156,177.17672729492188,120.86548614501953,57.42140579223633,121.83463287353516,126.97982020359626,274.1505471387642,302.12976886666,108.52509715690017,248.54153026480122,271.20211831636516,141.02193646043366,250.96446454892262,287.87210533391044,False,False,False
1528497994566666645,231.96646118164062,2.4799842834472656,110.71929931640625,2.2419941425323486,356.70672607421875,2.3669381141662598,296.886962890625,121.77350616455078,177.16287231445312,120.87779998779297,57.41352081298828,121.84536743164062,128.00882576139944,273.5243223609337,301.9963814283547,108.30862541622704,248.4234467635858,271.0073195348287,141.10828934057344,251.52190143019678,288.40044420854247,False,False,False
1528497994574999978,232.0537109375,2.475891351699829,110.71476745605469,2.2392780780792236,356.5744323730469,2.364959955215454,296.87835693359375,121.78915405273438,177.1512451171875,120.88714599609375,57.40639114379883,121.85370635986328,128.27071372973163,272.8937768379483,301.53671325000323,108.21650723187749,248.12827909410134,270.6999359506153,140.45063773025925,251.63631047562814,288.17913593565936,False,False,False
1528497994583333311,231.86668395996094,2.4762089252471924,110.70317077636719,2.242067813873291,356.4504089355469,2.359981060028076,296.8697509765625,121.78960418701172,177.14292907714844,120.89179992675781,57.3946533203125,121.85750579833984,127.43710734189318,273.3279568103497,301.57650489020125,108.34127102248596,248.45317027362572,271.0476135769932,139.66692919214748,251.38857133543723,287.5814057063435,False,False,False
1528497994591666644,231.8235626220703,2.478994369506836,110.67866516113281,2.2477989196777344,356.4911193847656,2.3562872409820557,296.8608703613281,121.78380584716797,177.1352081298828,120.89552307128906,57.38087463378906,121.8578872680664,127.41084191858006,273.69858231454015,301.9013689922431,108.54857810259549,249.12773973951548,271.74882615351817,139.68739814314878,250.86315483342645,287.13218498277456,False,False,False
1528497994599999977,231.95162963867188,2.4806246757507324,110.67182159423828,2.2492833137512207,356.4911804199219,2.352872610092163,296.8498840332031,121.78491973876953,177.12478637695312,120.89694213867188,57.369781494140625,121.85820770263672,128.1601160325899,273.5708539523701,302.1026770383141,108.63710459065788,249.2884000588503,271.93147463606147,139.53409993191337,250.47311402147065,286.7168392184558,False,False,False
1528497994608333310,231.9818572998047,2.483171224594116,110.67369079589844,2.2490286827087402,356.41558837890625,2.356264352798462,296.8357238769531,121.78959655761719,177.10867309570312,120.89606475830078,57.356666564941406,121.85753631591797,128.50873502545073,273.7627363584459,302.42442162680163,108.70224323353393,249.22426600954952,271.89871726803176,139.46087405625414,250.9850188947461,287.1285689410415,False,False,False
1528497994616666643,231.93881225585938,2.488402843475342,110.67264556884766,2.2491228580474854,356.3817443847656,2.3639330863952637,296.81927490234375,121.785400390625,177.0895233154297,120.89847564697266,57.33736801147461,121.85292053222656,128.6476891894932,274.3898020634176,303.05113662581425,108.78771315597463,249.20530942619993,271.91552508070345,139.84553978163274,251.82785076792803,288.05215052002313,False,False,False
1528497994624999976,231.9351806640625,2.4912185668945312,110.67344665527344,2.2490363121032715,356.3941650390625,2.3609561920166016,296.8016052246094,121.78144073486328,177.0732421875,120.90110778808594,57.319210052490234,121.85396575927734,128.85636997482752,274.65979026912504,303.3841862618574,108.86018761377281,249.16870080598505,271.9109815889169,139.80484262857024,251.43830437657536,287.6918749811448,False,False,False
1528497994633333309,231.90821838378906,2.487394332885742,110.67259216308594,2.2492830753326416,356.4370422363281,2.353787899017334,296.78509521484375,121.78467559814453,177.0596160888672,120.90042114257812,57.3062744140625,121.8583984375,128.6119501552561,274.26891529727425,302.92651191515324,108.9270577923187,249.17034982994218,271.93927107658965,139.62956947291318,250.54811393646017,286.8288236358203,False,False,False
1528497994641666642,231.76873779296875,2.480414867401123,110.67431640625,2.2484116554260254,356.44244384765625,2.3524434566497803,296.769775390625,121.78709411621094,177.04539489746094,120.90026092529297,57.29299545288086,121.85787963867188,127.6606310073541,273.78205112432954,302.08251890342945,108.95402586541151,249.04317358883637,271.8335558084764,139.63085504843906,250.3584275888856,286.66377159721014,False,False,False
1528497994649999975,231.68275451660156,2.4791274070739746,110.69986724853516,2.244192361831665,356.383056640625,2.3503975868225098,296.754638671875,121.77093505859375,177.03244018554688,120.9000473022461,57.272762298583984,121.85546875,127.23902922402529,273.76117814332287,301.8856624887848,108.91640445207904,248.5022473338303,271.3229627007877,139.3356938518575,250.23102317525064,286.40879969112575,False,False,False
1528497994658333308,231.71466064453125,2.4825942516326904,110.75888061523438,2.241170644760132,356.3246154785156,2.3507909774780273,296.7381591796875,121.75189208984375,177.02069091796875,120.89869689941406,57.25206756591797,121.85786437988281,127.6284658226524,273.9934547448507,302.2605474276497,109.07494862408625,248.0303540363788,270.95461048071957,139.19684135248846,250.36958222958756,286.4623681189696,False,False,False
1528497994666666641,231.70187377929688,2.482736110687256,110.7130126953125,2.2445428371429443,356.37371826171875,2.356480598449707,296.72735595703125,121.76473236083984,177.0087127685547,120.90652465820312,57.242435455322266,121.86555480957031,127.63973192589305,274.04242803474756,302.30969804042616,109.09918545784879,248.4842121393199,271.3798738854166,139.7997677591029,250.84821159307907,287.1738155280618,False,False,False
1528497994674999974,231.60159301757812,2.483130693435669,110.60395812988281,2.246649742126465,356.4230041503906,2.358381748199463,296.7220764160156,121.78141784667969,176.99853515625,120.91279602050781,57.23760986328125,121.86763763427734,127.22281592400377,274.3348630480365,302.3991765452047,108.77785534701776,248.91845147354599,271.6487019992637,140.15198568901394,250.92262951312594,287.41041229286566,False,False,False
1528497994683333307,231.49578857421875,2.4909307956695557,110.56391906738281,2.2465474605560303,356.36346435546875,2.359814167022705,296.71038818359375,121.79031372070312,176.98524475097656,120.90918731689453,57.22932052612305,121.86823272705078,127.17952214221651,275.42599780004133,303.3712430611559,108.65344551336042,248.95044260839646,271.6282277246628,140.0131540155224,251.20160005779923,287.5863820993145,False,False,False
1528497994691666640,231.4615936279297,2.4970524311065674,110.54215240478516,2.2499489784240723,356.248779296875,2.361049175262451,296.6983642578125,121.80233001708984,176.97122192382812,120.90855407714844,57.22124481201172,121.87239837646484,127.39779339503137,276.17943586374184,304.1468042836186,108.78369000019131,249.34077990617686,272.0380777286118,139.62330858880114,251.60188758200906,287.7467256740092,False,False,False
1528497994699999973,231.41983032226562,2.4959330558776855,110.60883331298828,2.250469446182251,356.2159729003906,2.356365442276001,296.6898193359375,121.80484008789062,176.959228515625,120.90889739990234,57.212928771972656,121.86905670166016,127.18323438011245,276.13510285924235,304.01672674126166,109.15151702961248,249.24952290122778,272.10177937006483,139.23516946256464,251.1554243107932,287.1680336945665,False,False,False
1528497994708333306,231.32455444335938,2.4906344413757324,110.66682434082031,2.2492270469665527,356.1683349609375,2.354449987411499,296.67669677734375,121.79988098144531,176.94459533691406,120.91032409667969,57.1961669921875,121.86339569091797,126.51286119726386,275.7193605917874,303.35897852785274,109.40821906763843,248.9763827905272,271.9547712157437,138.98027560116083,251.01453828553326,286.92127045040434,False,False,False
1528497994716666639,231.332275390625,2.4840900897979736,110.52975463867188,2.2523012161254883,356.1191101074219,2.3593175411224365,296.6612548828125,121.79986572265625,176.93023681640625,120.91565704345703,57.176856994628906,121.86921691894531,126.29158346486795,274.9438171612006,302.5618393803743,109.02834735425988,249.56175173409787,272.33848140759073,139.14289980286574,251.6181798250483,287.5281811997229,False,False,False
1528497994724999972,231.325439453125,2.4804441928863525,110.4676513671875,2.252397060394287,356.1849365234375,2.367995262145996,296.649169921875,121.8088150024414,176.91946411132812,120.92070007324219,57.16753387451172,121.88082122802734,126.14064381269108,274.54889934194614,302.1399678151738,108.8138925845663,249.6803656631116,272.36142938578996,139.9991234130398,252.3842879859621,288.6132072144319,False,False,False
1528497994733333305,231.19363403320312,2.4812846183776855,110.64855194091797,2.2498972415924072,356.1587829589844,2.3750500679016113,296.6391906738281,121.81883239746094,176.91029357910156,120.92443084716797,57.163055419921875,121.8862533569336,125.60946488438515,274.9322089876199,302.2671950565491,109.52326715230814,249.04899543316128,272.067543404175,140.32669517613704,253.2005852376233,289.48595431165813,False,False,False
1528497994741666638,231.25364685058594,2.4802117347717285,110.74317932128906,2.2518346309661865,356.0497741699219,2.37438702583313,296.6304016113281,121.82156372070312,176.90011596679688,120.92898559570312,57.154205322265625,121.88490295410156,125.88788561171734,274.6685220472057,302.14327188832976,110.07749092673818,249.07190453046115,272.31207765201543,139.84326061029952,253.3719416866372,289.4019322191489,False,False,False
1528497994749999971,231.3923797607422,2.4785804748535156,110.70805358886719,2.2512662410736084,356.0739440917969,2.3708932399749756,296.61962890625,121.8172378540039,176.88876342773438,120.93049621582031,57.141258239746094,121.8824691772461,126.51640516096306,274.1489289788945,301.9338272455206,109.94775106086352,249.0577873968806,272.246743646956,139.79856410681734,252.90355594841398,288.97032224379114,False,False,False
1528497994758333304,231.3458251953125,2.4883005619049072,110.67416381835938,2.2492425441741943,356.2696228027344,2.3701815605163574,296.60601806640625,121.81707000732422,176.87744140625,120.92634582519531,57.12820816040039,121.88384246826172,126.85411315471747,275.2966453300057,303.11748374883433,109.74713108429629,248.86861220275813,271.99268174155077,140.67830816955387,252.31967341410194,288.88683594315444,False,False,False
1528497994766666637,231.27317810058594,2.497952699661255,110.5291519165039,2.252318859100342,356.2801513671875,2.368469715118408,296.593505859375,121.82057189941406,176.86509704589844,120.91877746582031,57.11634063720703,121.8817138671875,127.0597048055778,276.505975914719,304.30202645041936,109.31305767061123,249.44717681094568,272.3476429056245,140.67279368470335,252.07806640626748,288.6731481211609,False,False,False
1528497994774999970,231.26806640625,2.494368076324463,110.46218872070312,2.2524118423461914,356.035400390625,2.3656113147735596,296.5799255371094,121.81864166259766,176.8494415283203,120.91283416748047,57.102752685546875,121.87378692626953,126.91616906093776,276.0860522519855,303.8605308643928,109.08877841972462,249.54300142296796,272.3454995704742,139.4770136571513,252.32224966378237,288.3060093270851,False,False,False
1528497994783333303,231.24917602539062,2.4874815940856934,110.5600357055664,2.251617908477783,355.9609375,2.3669371604919434,296.5650939941406,121.81282806396484,176.83480834960938,120.91386413574219,57.08671569824219,121.87374877929688,126.54023383318521,275.3196558889279,303.00716773263775,109.54076672953056,249.2426025713529,272.25182187128667,139.29762636951685,252.60576528684385,288.4675048741774,False,False,False
1528497994791666636,231.23480224609375,2.4789671897888184,110.63824462890625,2.2537622451782227,356.023193359375,2.369781970977783,296.55126953125,121.80732727050781,176.82293701171875,120.9139404296875,57.07202911376953,121.8761215209961,126.09877392712514,274.3660825551126,301.9563677794576,110.03725374275065,249.30743504247852,272.51127385615837,139.80727523627567,252.72677569610224,288.81983547315394,False,False,False
1528497994799999969,231.25653076171875,2.47353458404541,110.59439086914062,2.253173828125,356.062255859375,2.370577335357666,296.5375061035156,121.8040542602539,176.8100128173828,120.91146850585938,57.05797576904297,121.87208557128906,125.98860540806413,273.67946745798514,301.2865406896817,109.87171604445886,249.29659747214305,272.43455635756254,140.0838673143815,252.6734702439338,288.9072038680679,False,False,False
1528497994808333302,231.30221557617188,2.47621750831604,110.4589614868164,2.253572463989258,356.089599609375,2.370241641998291,296.5228271484375,121.80460357666016,176.79713439941406,120.90869140625,57.04524612426758,121.87144470214844,126.41440605277135,273.84451857668313,301.61469197002043,109.35507278714313,249.5694488626067,272.4764976100996,140.23995655018734,252.53833725738568,288.86477320352424,False,False,False
1528497994816666636,231.4081573486328,2.47934627532959,110.48023986816406,2.2531518936157227,356.09307861328125,2.3701531887054443,296.5062255859375,121.80158996582031,176.78273010253906,120.9005126953125,57.032596588134766,121.86992645263672,127.15713246846825,273.9124095748256,301.98831841097854,109.48263490809924,249.4378593587676,272.4072191185551,140.3040554920754,252.4862819684396,288.8503947890149,False,False,False
1528497994824999969,231.45794677734375,2.481693983078003,110.59520721435547,2.247654438018799,356.1662902832031,2.3687803745269775,296.4849853515625,121.79032897949219,176.76239013671875,120.89038848876953,57.011863708496094,121.8629150390625,127.6055329132264,273.9884485312067,302.24632662549635,109.7936334676643,248.54982931584374,271.71981820059955,140.62825760901893,252.09528103305107,288.6664815271797,False,False,False
1528497994833333302,231.477783203125,2.480056047439575,110.61135864257812,2.2420599460601807,356.23760986328125,2.3632140159606934,296.46295166015625,121.78392028808594,176.73980712890625,120.88478088378906,56.988365173339844,121.86019897460938,127.71464827591208,273.69994914198236,302.0309479913667,109.68285244168008,247.84558570501417,271.03092530780486,140.71067821842206,251.26476467447887,287.9817302045558,False,False,False
1528497994841666635,231.4464874267578,2.4793877601623535,110.60453796386719,2.2422733306884766,356.2421875,2.361074686050415,296.4460754394531,121.78251647949219,176.72222900390625,120.88078308105469,56.97128677368164,121.85678100585938,127.60989552097777,273.655166682574,301.94608076102304,109.73619832543534,247.8403777866422,271.04775609538774,140.67422659421385,250.97711026005908,287.7129609565236,False,False,False
1528497994849999968,231.2753143310547,2.4833755493164062,110.552978515625,2.248326063156128,356.2127380371094,2.366441249847412,296.43109130859375,121.78031921386719,176.70993041992188,120.87545776367188,56.95907974243164,121.85242462158203,127.06518667328032,274.4377623105804,302.42626712366473,109.85726513309874,248.57377954128356,271.7674420859912,140.9132254033543,251.5809889229858,288.35660401843415,False,False,False
1528497994858333301,231.2770538330078,2.477355480194092,110.44336700439453,2.253854513168335,356.11041259765625,2.3694815635681152,296.4177551269531,121.77911376953125,176.6986846923828,120.8738021850586,56.948543548583984,121.8534164428711,126.82793718667718,273.7364131688258,301.690154870128,109.69792807167045,249.37028672426894,272.43196457861086,140.6916728949886,252.13197595547862,288.7294237191709,False,False,False
1528497994866666634,231.3896942138672,2.4680850505828857,110.40858459472656,2.2549631595611572,356.02655029296875,2.372373580932617,296.40869140625,121.77912902832031,176.68788146972656,120.8772964477539,56.93930435180664,121.85372924804688,126.93234687923866,272.4431005027176,300.5612478278017,109.65063066940496,249.5460740433651,272.5738503170378,140.5348500715795,252.6236074487256,289.08256800618256,False,False,False
1528497994874999967,231.40670776367188,2.4769294261932373,110.47401428222656,2.2523000240325928,356.0498352050781,2.37851881980896,296.4037780761719,121.77719116210938,176.6824188232422,120.87776947021484,56.93379592895508,121.8517074584961,127.48980705096413,273.36627879896497,301.63350822858774,109.82987784412961,249.11663055751805,272.2530030827711,141.02380645335327,253.20294656524365,289.8265794158888,False,False,False
1528497994883333300,231.47079467773438,2.487544298171997,110.50912475585938,2.2508466243743896,356.0660705566406,2.377819776535034,296.3977966308594,121.77172088623047,176.67782592773438,120.8734359741211,56.92833709716797,121.85022735595703,128.36604055173902,274.3686799944059,302.9125499691345,109.92755275269374,248.87083648999908,272.0675653388844,141.0764793114826,253.07205755178907,289.7378803822849,False,False,False
1528497994891666633,231.3501739501953,2.4867067337036133,110.4455337524414,2.25350022315979,355.9831848144531,2.3728535175323486,296.3893737792969,121.77251434326172,176.66925048828125,120.87117004394531,56.92137908935547,121.85095977783203,127.78631224855846,274.52884652294847,302.81253139740875,109.81579248141614,249.26512809806434,272.3832086676157,140.4478830956626,252.73135698803935,289.13447852352147,False,False,False
1528497994899999966,231.09780883789062,2.486349105834961,110.40293884277344,2.255284309387207,355.9189758300781,2.376889705657959,296.38128662109375,121.77422332763672,176.66009521484375,120.87078857421875,56.91229248046875,121.8488998413086,126.59828061831989,275.03546121707984,302.7732312844164,109.75677383979874,249.5257829329522,272.59799293469405,140.44078544691988,253.29220007304968,289.6213956785541,False,False,False
1528497994908333299,231.05438232421875,2.4836652278900146,110.4071044921875,2.2551140785217285,355.9930725097656,2.3803136348724365,296.3714294433594,121.7715835571289,176.6497344970703,120.87351989746094,56.898826599121094,121.84624481201172,126.29789702789303,274.8066643284187,302.4398478259445,109.81422542356813,249.48475312154716,272.58357644124044,141.02750685854744,253.4363125597144,290.0322778840364,False,False,False
1528497994916666632,231.0100860595703,2.476241111755371,110.33062744140625,2.2558751106262207,356.01953125,2.3684113025665283,296.36248779296875,121.77139282226562,176.64149475097656,120.8746337890625,56.88966751098633,121.84864807128906,125.7510854785229,274.0624367217667,301.53532914220705,109.55498807145057,249.70189975244736,272.6780778708053,140.4818281756762,252.08674176028117,288.5877152944922,False,False,False
