,C1-Ang [Deg],C1-Mag [Arms],C2-Ang [Deg],C2-Mag [Arms],C3-Ang [Deg],C3-Mag [Arms],L1-Ang [Deg],L1-Mag [Vrms],L2-Ang [Deg],L2-Mag [Vrms],L3-Ang [Deg],L3-Mag [Vrms],Active-Power-1 [W],Reactive-Power-1 [VAR],Apparent-Power-1 [VA],Active-Power-2 [W],Reactive-Power-2 [VAR],Apparent-Power-2 [VA],Active-Power-3 [W],Reactive-Power-3 [VAR],Apparent-Power-3 [VA],Voltage-Sag [-],Voltage-Swell [-]
1519416715324999988,192.81236267089844,217.586181640625,74.09963989257812,221.07875061035156,311.7655944824219,227.85781860351562,204.14114379882812,283.1260070800781,84.281494140625,282.8312683105469,324.2486572265625,283.7564697265625,60404.01502598082,12101.470386147583,61604.30680371076,61543.27035726405,11053.261317808074,62527.98343163682,63127.655820729,13975.487249581605,64656.13020652905,False,False
1519416715333333321,192.72787475585938,216.92906188964844,74.13021087646484,220.60069274902344,311.72259521484375,227.655517578125,204.087890625,283.1207275390625,84.226806640625,282.8351135253906,324.19293212890625,283.75335693359375,60213.88328968372,12097.525778497646,61417.11382656358,61427.369244835085,10938.115519759474,62393.62197744986,63074.01645955917,13948.917218286777,64598.01733724773,False,False
1519416715341666654,192.72000122070312,217.18197631835938,74.24781799316406,221.4898223876953,311.6488037109375,228.67628479003906,204.03453063964844,283.1143493652344,84.16988372802734,282.84332275390625,324.1357727050781,283.7377014160156,60292.32375873738,12063.495690149077,61487.33391922805,61709.9098721867,10794.594633618051,62646.917320308276,63349.263890619564,14029.078554195119,64884.08341467985,False,False
1519416715349999987,192.6233367919922,217.32608032226562,74.21382904052734,221.4147491455078,311.58734130859375,228.93223571777344,203.9766845703125,283.1015319824219,84.11512756347656,282.8470764160156,324.0770263671875,283.7407531738281,60321.40533059697,12111.82454004275,61525.34627896827,61693.71942912172,10768.71848509736,62626.51447119238,63420.18519669616,14047.938369547364,64957.404988329385,False,False
1519416715358333320,192.528564453125,216.9046173095703,74.08566284179688,220.1210174560547,311.6012268066406,227.89524841308594,203.92616271972656,283.1195983886719,84.07057189941406,282.8609924316406,324.0303039550781,283.7779541015625,60198.91075297291,12135.603605793473,61409.948141334105,61320.57031308752,10795.81861852875,62263.64945268212,63155.94933484721,13919.340279557166,64671.647344132885,False,False
1519416715366666653,192.47430419921875,216.44537353515625,73.99700164794922,219.23971557617188,311.60626220703125,227.03143310546875,203.88267517089844,283.1170654296875,84.02802276611328,282.84716796875,323.98968505859375,283.7721252441406,60068.63855064889,12121.095288030363,61279.37898110598,61063.4021232792,10801.21747892937,62011.33265699446,62926.29932131296,13816.159115128019,64425.19226956181,False,False
1519416715374999986,192.3303985595703,216.184326171875,73.96014404296875,218.87745666503906,311.5812683105469,227.03555297851562,203.83099365234375,283.0964660644531,83.97531127929688,282.82763671875,323.93719482421875,283.74664306640625,59972.263496480366,12202.143586240107,61201.018757782884,60961.276164717776,10765.757839579088,61904.593799583614,62928.41314253069,13784.971287143053,64420.57601437904,False,False
1519416715383333319,192.22042846679688,215.66844177246094,74.03783416748047,218.79568481445312,311.5065002441406,227.34934997558594,203.78012084960938,283.10687255859375,83.92119598388672,282.83892822265625,323.8837890625,283.7440490722656,59818.76187875105,12235.178972684047,61057.21805978659,60965.530559609666,10621.946210420409,61883.936992662035,63009.66245230517,13827.391621918718,64509.025116020355,False,False
1519416715391666652,192.2176513671875,215.0962371826172,74.16266632080078,219.34841918945312,311.3153991699219,227.82998657226562,203.73423767089844,283.1142578125,83.86853790283203,282.85040283203125,323.83343505859375,283.726318359375,59670.772960770046,12158.145870297332,60896.81154821813,61154.72049673239,10459.818074505942,62042.78872830606,63104.69760917572,14010.816864035962,64641.363302014775,False,False
1519416715399999985,192.23826599121094,215.16627502441406,74.08749389648438,219.84446716308594,311.19219970703125,227.8649444580078,203.68556213378906,283.1167907714844,83.818359375,282.8611145019531,323.781982421875,283.7275390625,59705.40111091291,12090.018157939667,60917.1852671667,61290.76156154761,10510.607172493195,62185.450998838525,63097.0549925354,14092.049269373874,64651.559929683805,False,False
1519416715408333318,192.2354736328125,215.58607482910156,73.87108612060547,219.56077575683594,311.2569274902344,227.20477294921875,203.63731384277344,283.120361328125,83.77448272705078,282.85797119140625,323.73663330078125,283.74676513671875,59832.23537697978,12066.294697865877,61036.80740292743,61179.104402865734,10681.20032395506,62104.51558378991,62945.39406363226,13931.268671828138,64468.619347963475,False,False
1519416715416666651,192.21542358398438,216.25180053710938,73.75361633300781,219.9040985107422,311.2705993652344,227.38290405273438,203.5856170654297,283.1067199707031,83.72451782226562,282.83349609375,323.6878662109375,283.736083984375,60020.78023042791,12069.82199965187,61222.33793781977,61256.82144660197,10769.155805315719,62196.24498713761,63007.528374376845,13873.010933561103,64516.73476091772,False,False
1519416715424999984,192.20631408691406,217.0830078125,73.70873260498047,221.07130432128906,311.16693115234375,228.2875213623047,203.5315399169922,283.107421875,83.6695785522461,282.82916259765625,323.63458251953125,283.7316589355469,60261.122226512845,12068.953596917037,61457.81067466736,61582.91560378836,10815.342618027707,62525.41187556181,63244.937796167425,13983.607394712517,64772.397150410805,False,False
1519416715433333317,192.230224609375,217.90638732910156,73.69757080078125,222.29237365722656,311.0748291015625,229.19972229003906,203.48805236816406,283.133544921875,83.62202453613281,282.8455810546875,323.5913391113281,283.7349548339844,60509.479903454536,12044.67803105265,61696.60790560767,61933.55387062018,10836.375818411092,62874.415591103956,63486.39688399411,14093.789543682808,65031.972851925995,False,False
1519416715441666650,192.23512268066406,218.98391723632812,73.73172760009766,223.7922821044922,311.00286865234375,230.6352081298828,203.44619750976562,283.1239013671875,83.57498931884766,282.8385314941406,323.5469970703125,283.7030029296875,60816.47974848625,12054.203966676168,61999.580984618515,62365.2903951855,10820.856939538084,63297.08043015701,63869.977444258526,14211.251403835937,65431.90112776124,False,False
1519416715449999983,192.16482543945312,220.005126953125,73.63236999511719,224.76036071777344,310.95819091796875,231.5957489013672,203.3882293701172,283.0810546875,83.52031707763672,282.8075256347656,323.488525390625,283.6798095703125,61088.23776258543,12121.730268780833,62279.28337454796,62619.709417366066,10915.315195254356,63563.92147537087,64134.17090927389,14253.83137131455,65699.03794563375,False,False
1519416715458333316,192.1105499267578,220.75794982910156,73.42057800292969,224.82667541503906,310.9630126953125,231.4705352783203,203.32870483398438,283.0874328613281,83.46795654296875,282.8074645996094,323.43365478515625,283.7117919921875,61299.76726368168,12157.867183375956,62493.80130085023,62607.54719428732,11092.788084477908,63582.66204848653,64121.53194619396,14180.935139663456,65670.92035720311,False,False
1519416715466666649,192.04452514648438,221.17979431152344,73.33173370361328,224.50338745117188,311.0040283203125,231.4110107421875,203.28311157226562,283.1088562011719,83.42605590820312,282.8228759765625,323.391357421875,283.74066162109375,61417.204360875556,12203.923365657047,62617.95858234586,62511.830979799975,11128.661927569841,63494.69370542095,64132.1150096023,14085.492349356993,65660.71329439431,False,False
1519416715474999982,191.93312072753906,221.23118591308594,73.33589935302734,224.28990173339844,310.99554443359375,231.71754455566406,203.23809814453125,283.09857177734375,83.38365173339844,282.8222961425781,323.3467712402344,283.7419738769531,61415.05797510403,12277.48793780376,62630.23276460263,62461.27501560887,11067.291958116568,63434.18500983296,64226.23765707799,14063.749226033047,65747.99347414495,False,False
1519416715483333315,191.88385009765625,221.60256958007812,73.41160583496094,224.99217224121094,310.93170166015625,232.7303009033203,203.1905975341797,283.0936584472656,83.33380126953125,282.83489990234375,323.29638671875,283.7366943359375,61516.70860611654,12299.785297329521,62734.28214373905,62683.81798159707,10965.101568963895,63635.63851465377,64502.42820803261,14140.105547126534,66034.12625011615,False,False
1519416715491666648,191.840087890625,221.767822265625,73.54680633544922,226.04530334472656,310.8143615722656,234.04669189453125,203.1438751220703,283.0884094238281,83.27986145019531,282.8422546386719,323.2440490722656,283.7101745605469,61562.07700929223,12305.548613104753,62779.900066562,63014.88690625189,10808.752370429494,63935.16324850498,64845.036995760005,14292.333349941484,66401.42781271599,False,False
1519416715499999981,191.75289916992188,221.1392822265625,73.49568176269531,226.00730895996094,310.6655578613281,233.84878540039062,203.09153747558594,283.0859069824219,83.22455596923828,282.8352966308594,323.1898498535156,283.6944580078125,61379.57841913152,12307.900826871488,62601.41427854821,63003.533647906464,10802.072370574351,63922.84427043283,64762.949849909564,14386.410430609096,66341.60442994909,False,False
1519416715508333314,191.65420532226562,220.52191162109375,73.3505859375,224.84866333007812,310.66217041015625,232.707763671875,203.0421142578125,283.0919494628906,83.17807006835938,282.8406982421875,323.1414489746094,283.7137145996094,61198.9497823861,12326.433597515486,62427.97786009871,62663.14880061748,10854.763426151145,63596.35293510184,64462.55374222641,14266.546896436663,66022.38404751569,False,False
1519416715516666647,191.5581512451172,219.96380615234375,73.305908203125,223.82398986816406,310.6754455566406,232.0024871826172,202.99696350097656,283.0874328613281,83.13493347167969,282.83831787109375,323.09759521484375,283.7200927734375,61032.14377999674,12349.268899977105,62268.989206073806,62376.76658621452,10806.883302626118,63306.000793508254,64282.77961260588,14159.539963620588,65823.7671871204,False,False
1519416715524999980,191.53805541992188,219.7598114013672,73.21308898925781,223.64939880371094,310.59649658203125,231.54151916503906,202.94827270507812,283.0903015136719,83.08460998535156,282.8294677734375,323.0505676269531,283.7082214355469,60982.310355455396,12307.507897659083,62211.8712702007,62318.13411437332,10844.339381524935,63254.640431502834,64144.48846554982,14166.554179688974,65690.23259079782,False,False
1519416715533333313,191.56423950195312,219.66954040527344,73.1971435546875,223.7650909423828,310.552978515625,231.41404724121094,202.90184020996094,283.1051330566406,83.03478240966797,282.8379211425781,323.00299072265625,283.7017517089844,60975.998186527424,12225.825832441124,62189.57446492604,62358.63983621525,10813.399169977241,63289.25314642349,64108.71548847763,14153.890672921842,65652.5705723972,False,False
1519416715541666646,191.53152465820312,218.67218017578125,73.29022216796875,223.48233032226562,310.44244384765625,231.20883178710938,202.8580780029297,283.11309814453125,82.98690795898438,282.8575439453125,322.95513916015625,283.69696044921875,60703.20364256803,12158.955491363267,61908.95840758458,62310.54296295786,10647.22660627819,63213.663070131086,64035.273779538074,14211.165114795289,65593.24280701764,False,False
1519416715549999979,191.4524688720703,217.3317108154297,73.22278594970703,222.5602569580078,310.28765869140625,230.11724853515625,202.81295776367188,283.1194763183594,82.94171905517578,282.87554931640625,322.908203125,283.7099914550781,60325.28152779357,12120.4248514783,61530.84015343757,62053.28171625377,10628.06720701415,62956.854942996986,63709.14002820914,14264.667364627538,65286.56261557527,False,False
1519416715558333312,191.42457580566406,217.1637420654297,73.06819152832031,221.8622283935547,310.31561279296875,229.2293701171875,202.76998901367188,283.1360778808594,82.90310668945312,282.8846435546875,322.8691711425781,283.74371337890625,60285.37742691595,12095.905641202691,61486.89018633636,61839.07513598073,10720.275185464938,62761.41739735939,63487.4410856841,14137.102658068745,65042.392692558475,False,False
1519416715566666645,191.3989715576172,217.73704528808594,72.96056365966797,221.85023498535156,310.38177490234375,229.1869659423828,202.73023986816406,283.1396179199219,82.86666107177734,282.8766784667969,322.8336181640625,283.7568359375,60448.2763006625,12113.067160608018,61649.98380988138,61820.62604494778,10796.205911330568,62756.257589734625,63503.6259852434,14022.427692085073,65033.36829392613,False,False
1519416715574999978,191.30377197265625,217.58363342285156,72.849609375,221.26657104492188,310.366455078125,228.7039031982422,202.68450927734375,283.1268615722656,82.82561492919922,282.8695373535156,322.7886657714844,283.76409912109375,60392.49148911048,12156.134470052784,61603.77126050228,61643.24249291332,10842.751086188462,62589.57258327585,63378.62857367209,13960.453797471668,64897.95705652702,False,False
1519416715583333311,191.23153686523438,216.62071228027344,72.82826232910156,220.13800048828125,310.33453369140625,227.8017578125,202.6407470703125,283.1453552246094,82.78359985351562,282.8914794921875,322.7445373535156,283.7858581542969,60123.1285080216,12133.0071833573,61335.148527605925,61337.47590155011,10766.15912402516,62275.164650581784,63136.42732417829,13893.00057564183,64646.917329877615,False,False
1519416715591666644,191.2046356201172,215.87039184570312,72.90753173828125,220.06077575683594,310.1868591308594,227.75474548339844,202.6018524169922,283.1488037109375,82.7395248413086,282.90167236328125,322.7020263671875,283.7653503417969,59918.13627097901,12078.586646624879,61123.44320772216,61341.19552675434,10630.741598460663,62255.561483169906,63093.23688005076,14004.957698019265,64628.90514410334,False,False
1519416715599999977,191.11778259277344,216.25607299804688,72.8539810180664,220.51632690429688,310.0830993652344,228.3292236328125,202.55099487304688,283.1178894042969,82.6891098022461,282.8937683105469,322.6473388671875,283.7467956542969,60011.02159244835,12136.549244883603,61225.96295806859,61465.87841331645,10655.814746386846,62382.694691956975,63236.19693542531,14093.53033740048,64787.6855600439,False,False
1519416715608333310,190.98313903808594,216.8687744140625,72.70508575439453,220.23768615722656,310.1473388671875,228.4840545654297,202.50161743164062,283.12200927734375,82.64582824707031,282.90576171875,322.5996398925781,283.78302001953125,60163.74249601521,12260.659575450238,61400.32316162437,61371.091501923576,10755.945392590289,62306.51036148518,63314.59198118976,13981.21703828559,64839.895030885,False,False
1519416715616666643,190.93618774414062,216.81072998046875,72.633056640625,219.80905151367188,310.1892395019531,228.15003967285156,202.46221923828125,283.13580322265625,82.60782623291016,282.90570068359375,322.5632019042969,283.7989501953125,60148.95380326032,12265.904558777913,61386.88018031046,61245.24946174225,10771.383989740347,62185.233735071495,63244.613077598355,13875.102679895144,64748.74174617418,False,False
1519416715624999976,190.91873168945312,216.46380615234375,72.60707092285156,219.47071838378906,310.158203125,227.76283264160156,202.41815185546875,283.1427001953125,82.56315612792969,282.8974914550781,322.52105712890625,283.7974548339844,60059.85242862031,12218.68211568481,61290.14656852931,61152.7093084574,10734.550872029691,62087.715678617824,63139.62851188618,13839.240298303952,64638.51220946526,False,False
1519416715633333309,190.88986206054688,216.3016357421875,72.67061614990234,219.60812377929688,310.0928649902344,228.06288146972656,202.37359619140625,283.1577453613281,82.51583099365234,282.9027099609375,322.476806640625,283.7944641113281,60021.38630955232,12193.745114447252,61247.48349472508,61212.795066400824,10623.039628329485,62127.733346600085,63217.03630393188,13880.593618006285,64722.983230386395,False,False
1519416715641666642,190.90325927734375,216.60989379882812,72.79615783691406,220.94058227539062,309.9566650390625,229.32469177246094,202.3286590576172,283.152099609375,82.4627456665039,282.901611328125,322.42730712890625,283.7577209472656,60118.12723832089,12149.677770554565,61333.54622530193,61616.98087579913,10495.405147497464,62504.44673348218,63537.37856219125,14051.7454431804,65072.65189428767,False,False
1519416715649999975,190.89263916015625,216.94076538085938,72.7492446899414,221.94589233398438,309.80731201171875,229.94175720214844,202.28054809570312,283.1436462402344,82.40953826904297,282.9080810546875,322.3747863769531,283.7362976074219,60216.109150078846,12128.473994709324,61425.39932808373,61899.920036798416,10536.601822276967,62790.28649817779,63679.63353238595,14196.133527270635,65242.82285388233,False,False
1519416715658333308,190.87197875976562,217.2057342529297,72.5687255859375,221.8037109375,309.7880554199219,229.49093627929688,202.23471069335938,283.14263916015625,82.36515045166016,282.9111328125,322.3292541503906,283.74102783203125,60294.77213564822,12116.75072429845,61500.20483709407,61835.74030479761,10676.913481135633,62750.739123344414,63562.334532471155,14139.389002543767,65115.99413802289,False,False
1519416715666666641,190.86495971679688,218.06146240234375,72.43402099609375,221.87831115722656,309.8761291503906,229.55276489257812,202.1842498779297,283.1309814453125,82.31990814208984,282.8951110839844,322.28131103515625,283.7488098144531,60539.0292910198,12118.089072109757,61739.9558653757,61836.28364444429,10776.464612003518,62768.28948195046,63614.599878372996,13992.608494418851,65135.323827886015,False,False
1519416715674999974,190.82347106933594,218.9921112060547,72.3351821899414,222.29779052734375,309.91046142578125,230.01205444335938,202.12835693359375,283.1281433105469,82.27078247070312,282.8804931640625,322.2308654785156,283.76654052734375,60799.84757945767,12154.400156144957,62002.82984542707,61940.59819629262,10850.027838336764,62883.70861365646,63766.540263795956,13927.144011313607,65269.72496897914,False,False
1519416715683333307,190.82762145996094,219.9111328125,72.3291015625,223.3694610595703,309.87957763671875,230.88644409179688,202.07778930664062,283.1407775878906,82.2196044921875,282.88031005859375,322.182861328125,283.76885986328125,61069.35349562287,12147.635657977768,62265.80914476514,62247.727889819915,10853.335793020671,63186.82240215224,64013.64613095748,13961.075161645442,65518.38299781643,False,False
1519416715691666640,190.8184356689453,221.01434326171875,72.39725494384766,224.96786499023438,309.8323974609375,232.5188751220703,202.03050231933594,283.127685546875,82.16749572753906,282.880126953125,322.13128662109375,283.7450866699219,61380.98191961063,12167.196087378512,62575.27948035299,62715.92997881954,10799.378835686197,63638.938208810985,64461.9176461521,14053.661818258346,65976.08837390458,False,False
1519416715699999973,190.69708251953125,221.61961364746094,72.28644561767578,225.3523406982422,309.7768249511719,233.1491241455078,201.97320556640625,283.0886535644531,82.1144027709961,282.8643798828125,322.0732116699219,283.7350158691406,61526.918166464304,12267.629675967799,62737.99803093402,62808.6873917456,10880.508304195653,63744.150106748566,64634.96478174476,14088.431544689876,66152.57043930188,False,False
1519416715708333306,190.6041259765625,221.83750915527344,72.05741882324219,224.57081604003906,309.798583984375,232.39511108398438,201.91561889648438,283.08660888671875,82.065185546875,282.8630676269531,322.0200500488281,283.76239013671875,61579.37416553273,12317.61903623191,62799.22819064278,62556.240181797686,11039.09661696791,63522.78992457362,64450.4578783091,13959.959618056939,65944.99217727967,False,False
1519416715716666639,190.53988647460938,221.94464111328125,71.95194244384766,224.06417846679688,309.8204040527344,231.97642517089844,201.8686981201172,283.0863037109375,82.02171325683594,282.8569641113281,321.9747009277344,283.7714538574219,61605.31842762476,12342.176225357727,62829.488081209354,62401.809338528605,11081.490654475765,63378.113287216984,64352.69046505348,13859.821646007793,65828.28743139328,False,False
1519416715724999972,190.42364501953125,222.1481170654297,71.91455841064453,224.30233764648438,309.75701904296875,232.42544555664062,201.81687927246094,283.05462646484375,81.97024536132812,282.8324279785156,321.9210510253906,283.75054931640625,61640.96993261471,12421.425139330724,62880.052295823574,62465.44257850268,11076.952683098618,63439.974757811986,64470.14335667509,13896.580440597318,65950.84785180725,False,False
1519416715733333305,190.35354614257812,222.51119995117188,71.966796875,225.00990295410156,309.703125,233.38465881347656,201.76324462890625,283.0508117675781,81.91394805908203,282.84259033203125,321.86431884765625,283.74658203125,61737.30726378803,12459.30030770418,62981.97577355709,62685.679964941664,10993.568270624444,63642.383801897064,64735.99582014745,13950.52947057974,66222.09923685342,False,False
1519416715741666638,190.31114196777344,222.3393096923828,72.07073211669922,225.4976043701172,309.5926513671875,234.04940795898438,201.71875,283.05963134765625,81.86415100097656,282.8647766113281,321.8160705566406,283.7385559082031,61691.99148492637,12447.812554708165,62935.28303561825,62855.81411196024,10849.649304449089,63785.32948654285,64903.31510017222,14060.364694826738,66408.84102545213,False,False
1519416715749999971,190.20924377441406,221.63624572753906,72.04068756103516,224.99642944335938,309.46795654296875,233.70297241210938,201.67474365234375,283.0591125488281,81.81842041015625,282.8714904785156,321.77032470703125,283.73095703125,61484.232277874326,12470.558540881473,62736.159024291206,62720.56529472607,10808.621803369204,63645.075348987244,64786.10443779557,14128.460233659718,66308.76802353561,False,False
1519416715758333304,190.12557983398438,221.33494567871094,71.9380874633789,224.08470153808594,309.5063171386719,233.08616638183594,201.6314697265625,283.07080078125,81.77911376953125,282.8813171386719,321.728515625,283.7529296875,61394.389208023465,12497.402254474608,62653.460314147174,62456.64956701374,10834.198350448816,63389.37552171992,64639.775093297445,14001.830768926378,66138.88258047402,False,False
1519416715766666637,190.07089233398438,221.24429321289062,71.8738784790039,223.60067749023438,309.5513916015625,232.78970336914062,201.58938598632812,283.0785827636719,81.7394027709961,282.8738708496094,321.6893310546875,283.75927734375,61368.18136454101,12506.127002260895,62629.52096725535,62315.474450755115,10837.157105609902,63250.78916625772,64579.49925181646,13889.379224490767,66056.23800109327,False,False
1519416715774999970,190.07017517089844,220.66510009765625,71.81905364990234,223.37379455566406,309.44012451171875,232.1663055419922,201.54452514648438,283.09051513671875,81.69132232666016,282.8683776855469,321.6461181640625,283.7495422363281,61219.69866492237,12426.749946526565,62468.19685934112,62249.76058423962,10833.278235599142,63185.38288342533,64387.851253463334,13928.196762037313,65877.08292023977,False,False
1519416715783333303,190.084228515625,219.27975463867188,71.84015655517578,222.67495727539062,309.28118896484375,231.07302856445312,201.50448608398438,283.1150207519531,81.64532470703125,282.8870544433594,321.6048583984375,283.7478942871094,60852.257039013326,12292.358655003896,62081.392285010785,62071.71173213634,10727.412402866104,62991.86276193615,64055.668638480456,13994.11688795362,65566.48528170865,False,False
1519416715791666636,190.01287841796875,217.47462463378906,71.96246337890625,221.81207275390625,309.11883544921875,230.36070251464844,201.46670532226562,283.1203918457031,81.60232543945312,282.9040832519531,321.5622253417969,283.73809814453125,60345.30767566128,12226.756310686567,61571.50094281556,61865.475116847236,10508.039711215697,62751.54109665938,63826.711185026244,14083.893341955625,65362.10761874449,False,False
1519416715799999969,189.96791076660156,216.58331298828125,71.91112518310547,221.24110412597656,309.0212707519531,229.70465087890625,201.42103576660156,283.11419677734375,81.55943298339844,282.9120178222656,321.51483154296875,283.7490539550781,60096.81881588512,12175.642745956433,61317.810692053295,61706.41158308792,10490.38082934116,62591.76719350601,63635.07225424375,14100.052916466688,65178.47737597115,False,False
1519416715808333302,189.98866271972656,216.84129333496094,71.66351318359375,220.50840759277344,309.086181640625,228.63865661621094,201.37596130371094,283.1388854980469,81.5217514038086,282.9232482910156,321.475341796875,283.79254150390625,60187.61589160924,12122.067836609183,61396.20212481589,61465.77289710074,10681.334668398762,62386.95495162672,63374.93909292291,13921.315007544337,64885.945447153405,False,False
1519416715816666636,189.9619140625,216.93736267089844,71.52561950683594,219.8475341796875,309.1369323730469,227.87039184570312,201.34051513671875,283.16015625,81.48828125,282.93096923828125,321.444091796875,283.8143005371094,60220.645382081246,12119.208101936305,61428.017510354526,61263.718581159854,10761.28589538774,62201.67593010515,63186.62511804681,13785.183354217133,64672.875874805264,False,False
1519416715824999969,189.89010620117188,216.35751342773438,71.49494171142578,219.1417694091797,309.09857177734375,227.18310546875,201.3001251220703,283.14263916015625,81.4491958618164,282.9256896972656,321.4037780761719,283.81060791015625,60049.330526494356,12118.996655679557,61260.037354057655,61067.48077996537,10717.57841504876,62000.83625157131,62995.69497100687,13741.279237700119,64476.97527000309,False,False
1519416715833333302,189.87403869628906,215.78367614746094,71.49197387695312,218.527099609375,309.060546875,226.59349060058594,201.25625610351562,283.15338134765625,81.40518951416016,282.9403991699219,321.3592529296875,283.8200378417969,59898.194067111595,12058.249582633935,61099.87754078116,60906.99868289367,10644.450035378459,61830.144792921834,62835.84265648301,13698.94280419159,64311.773076963145,False,False
1519416715841666635,189.85659790039062,215.42425537109375,71.57843017578125,218.81790161132812,308.9555358886719,226.9622344970703,201.22036743164062,283.16607666015625,81.3619613647461,282.95294189453125,321.3191223144531,283.80157470703125,59804.97861306814,12019.44930202794,61000.84121086821,61014.72319609574,10521.012575623005,61915.16900011338,62918.42652749417,13791.599148035244,64412.239549295045,False,False
1519416715849999968,189.75372314453125,215.73068237304688,71.5159912109375,219.4296417236328,308.85369873046875,227.5968475341797,201.17367553710938,283.11968994140625,81.31468200683594,282.9283752441406,321.26788330078125,283.76837158203125,59868.406847799604,12093.285748609333,61077.60390430502,61177.19388373423,10565.696660808431,62082.87201327132,63074.735515879554,13884.251001000956,64584.786801978014,False,False
1519416715858333301,189.72723388671875,219.0436553955078,71.30039978027344,221.00755310058594,309.1474609375,229.50393676757812,201.10528564453125,283.05133056640625,81.25788116455078,282.8710021972656,321.2029113769531,283.7581787109375,60782.08914210689,12231.590483063272,62000.59811182786,61574.89908360946,10810.207406705964,62516.628038728144,63687.37807151379,13601.604302417214,65123.61910415813,False,False
1519416715866666634,189.7635498046875,225.17120361328125,71.29469299316406,225.70924377441406,309.5039978027344,234.92564392089844,201.0244598388672,282.9841613769531,81.18194580078125,282.7898864746094,321.1268615722656,283.7073059082031,62493.156292934946,12443.03265493456,63719.884220743545,62880.28508495519,10959.951352281,63828.291423236486,65283.45624173561,13427.92018533399,66650.12152554793,False,False
1519416715874999967,189.64659118652344,229.68275451660156,71.36111450195312,231.2368927001953,309.28106689453125,240.62066650390625,200.94515991210938,282.9410705566406,81.0963363647461,282.74407958984375,321.0452880859375,283.63702392578125,63727.21346175095,12732.298314780324,64986.68445132533,64439.35876047987,11055.59631527442,65380.862393732175,66815.35395001076,13914.916007340371,68248.92974220589,False,False
1519416715883333300,189.50924682617188,232.01034545898438,71.4220962524414,234.73284912109375,309.0192565917969,244.24203491210938,200.8794403076172,282.918701171875,81.02449798583984,282.7434387207031,320.9741516113281,283.601318359375,64351.80498058445,12940.765323110621,65640.06559569389,65439.27748330302,11071.046895528156,66369.17294120602,67765.02132414769,14348.152346011959,69267.36309985071,False,False
1519416715891666633,189.4906005859375,234.12655639648438,71.53604125976562,237.58128356933594,308.9602355957031,247.310791015625,200.8196563720703,282.89227294921875,80.95974731445312,282.7367858886719,320.90972900390625,283.568603515625,64942.06249852309,13010.956392209966,66232.59369677491,66266.43579179839,10998.50831024021,67172.96850369917,68609.90253278591,14520.284234791523,70129.57564264536,False,False
1519416715899999966,189.49993896484375,235.99258422851562,71.4349365234375,239.74073791503906,308.87091064453125,249.0846710205078,200.75709533691406,282.87908935546875,80.89553833007812,282.7222595214844,320.84686279296875,283.55126953125,65473.01602485955,13031.894116625654,66757.36732120626,66858.15724944154,11140.96292617344,67780.04312268784,69091.03461497424,14655.446814281722,70628.27468863875,False,False
1519416715908333299,189.48980712890625,237.38836669921875,71.23333740234375,240.50201416015625,308.8745422363281,249.58364868164062,200.70030212402344,282.88507080078125,80.84071350097656,282.712890625,320.7939147949219,283.55938720703125,65872.30424721252,13055.60696374239,67153.62492099032,67039.38757709129,11347.741225729342,67993.01962435246,69245.89074167334,14616.852484271378,70771.78647706099,False,False
1519416715916666632,189.45779418945312,238.20542907714844,71.1393814086914,241.11810302734375,308.8382568359375,250.1085968017578,200.64938354492188,282.88116455078125,80.78968811035156,282.6992492675781,320.744873046875,283.5482482910156,66102.4351786441,13078.55108056933,67383.82917966228,67199.33502209085,11426.615887801152,68163.90671065263,69392.06872476549,14631.571541830936,70917.85450566236,False,False
1519416715924999965,189.4315185546875,238.83494567871094,71.04112243652344,241.91795349121094,308.74530029296875,250.59146118164062,200.59658813476562,282.8694763183594,80.73715209960938,282.68621826171875,320.6924743652344,283.5311584472656,66280.4508469418,13081.895568611293,67559.11601066077,67409.97467345856,11517.790355944384,68386.87140204478,69511.45392091978,14708.144592463794,71050.48728582358,False,False
1519416715933333298,189.3975830078125,239.79595947265625,70.98346710205078,243.135498046875,308.65008544921875,251.6480255126953,200.54751586914062,282.8731994628906,80.68643951416016,282.67938232421875,320.6448059082031,283.52105712890625,66551.4908528192,13117.12532922927,67831.85027430393,67746.19967416089,11583.68726341247,68729.39240898192,69789.76643698807,14827.55157550671,71347.51421776135,False,False
1519416715941666631,189.3626708984375,241.1168670654297,70.95511627197266,245.37799072265625,308.4383544921875,253.49530029296875,200.50140380859375,282.86627197265625,80.63651275634766,282.6594543457031,320.5997009277344,283.4921875,66919.02545471657,13175.976734210968,68203.82929652464,68370.6151326642,11663.956476745752,69358.40896611102,70251.18384851543,15139.24165586493,71863.93720102309,False,False
1519416715949999964,189.29847717285156,242.22206115722656,70.71408081054688,246.5921630859375,308.2505798339844,254.02737426757812,200.44656372070312,282.8274841308594,80.5851058959961,282.62298583984375,320.5459289550781,283.4643859863281,67214.37875671514,13245.528747334869,68507.05615808954,68660.89414550255,11947.467509876495,69692.61341605335,70356.06291756206,15334.12008527461,72007.7136704782,False,False
1519416715958333297,189.12615966796875,243.0528106689453,70.43299865722656,245.9196014404297,308.3009338378906,253.7190704345703,200.3887939453125,282.7961120605469,80.53562927246094,282.6022644042969,320.4893798828125,283.47039794921875,67410.71930893394,13424.2793020968,68734.38988256594,68419.88732970928,12190.679231273782,69497.43622846762,70300.61878523977,15184.693306422945,71921.8458633935,False,False
1519416715966666630,189.0185089111328,244.12413024902344,70.31603240966797,246.07484436035156,308.3782043457031,254.3419647216797,200.3379364013672,282.7857971191406,80.49009704589844,282.5892639160156,320.4412536621094,283.4840393066406,67691.98230720895,13550.063430558383,69034.836768487,68444.6686732449,12283.157266172164,69538.10913603986,70509.74941645906,15068.424662923208,72101.88752448885,False,False
1519416715974999963,189.0335693359375,244.87619018554688,70.30183410644531,246.9233856201172,308.36798095703125,255.0411834716797,200.28775024414062,282.76971435546875,80.43915557861328,282.5683288574219,320.392333984375,283.4629821777344,67912.08864042474,13513.706060137485,69243.57035122253,68683.488246403,12280.556784673294,69772.72843049327,70708.52590551415,15060.975823144552,72294.73444502104,False,False
1519416715983333296,189.01136779785156,245.07138061523438,70.38345336914062,247.775146484375,308.26885986328125,255.88897705078125,200.2369384765625,282.7611389160156,80.3816146850586,282.5739440917969,320.3365478515625,283.4311828613281,67970.90474820929,13490.128570822746,69296.66269848404,68951.50837582293,12155.729774559948,70014.80039001256,70924.16460014282,15162.992448110408,72526.91544667816,False,False
1519416715991666629,188.9617462158203,245.30218505859375,70.33847045898438,248.43560791015625,308.1545104980469,256.32208251953125,200.18894958496094,282.7535705566406,80.3310317993164,282.5846252441406,320.28436279296875,283.4249572753906,68032.71288887184,13504.410603719392,69360.0686906632,69139.10752708577,12181.83493963612,70204.08315859176,71026.12625110413,15265.39330132693,72648.0752868373,False,False
1519416716000000000,188.81509399414062,244.77813720703125,70.22898864746094,247.22940063476562,308.19097900390625,255.59783935546875,200.141845703125,282.73870849609375,80.28834533691406,282.5807800292969,320.2368469238281,283.4404602050781,67860.28959569275,13592.77641218796,69208.25438199563,68788.30717313373,12202.726202358383,69862.27687754761,70851.55253013413,15119.255063168675,72446.76921433769,False,False
1519416716008333333,188.66099548339844,243.23712158203125,70.24332427978516,245.5209503173828,308.16302490234375,254.63502502441406,200.10195922851562,282.76043701171875,80.25108337402344,282.6005859375,320.19781494140625,283.4737854003906,67411.19229498785,13642.643167476834,68777.83479600772,68328.62776714162,12057.721732343016,69384.3644196242,70595.8711962533,15050.42399493851,72182.35443919383,False,False
1519416716016666666,188.6203155517578,241.7955322265625,70.26161193847656,244.40174865722656,308.0806884765625,253.5609588623047,200.0706787109375,282.7892761230469,80.21943664550781,282.6185302734375,320.1681213378906,283.4936218261719,67016.27617486865,13574.164979629075,68377.18352813646,68031.90763651641,11944.23243521664,69072.46300176345,70289.21217921854,15052.576522615998,71882.91458159174,False,False
1519416716024999999,188.54257202148438,240.65753173828125,70.24309539794922,243.1409912109375,308.0557861328125,252.47235107421875,200.03611755371094,282.79400634765625,80.18560791015625,282.6227111816406,320.134765625,283.49566650390625,66691.78113373913,13560.772478088158,68056.5075580068,67685.13644626325,11864.70505046581,68717.16613542661,69990.15636566356,14977.733597158593,71574.81744159386,False,False
1519416716033333332,188.49630737304688,239.56361389160156,70.20049285888672,242.1105194091797,307.9825134277344,251.36550903320312,199.99789428710938,282.806640625,80.14684295654297,282.6340026855469,320.09747314453125,283.49847412109375,66389.70183482222,13509.052407059633,67750.1808606684,67400.17686406136,11819.406870665174,68428.66519289324,69674.63051544045,14955.975462316746,71261.7382575851,False,False
1519416716041666665,188.52850341796875,238.422607421875,70.16302490234375,241.17306518554688,307.91009521484375,250.0933837890625,199.95901489257812,282.8231506347656,80.10474395751953,282.64434814453125,320.057861328125,283.49542236328125,66093.98300281606,13363.516344604339,67431.43301361054,67142.61172932088,11768.646081231427,68166.20379938744,69312.73943151133,14919.814714180797,70900.32946754248,False,False
1519416716049999998,188.52003479003906,237.0404510498047,70.14720916748047,239.93910217285156,307.8702392578125,248.78314208984375,199.9172821044922,282.8352355957031,80.06159973144531,282.6521301269531,320.01580810546875,283.50323486328125,65721.34102573778,13248.461053719902,67043.39181838324,66806.4925856253,11676.890612122168,67819.29832990514,68952.07853961045,14839.414392544846,70530.82556192203,False,False
1519416716058333331,188.5197296142578,236.0996551513672,70.1395492553711,239.0066375732422,307.872314453125,247.76223754882812,199.87632751464844,282.8583679199219,80.02131652832031,282.6695251464844,319.9768981933594,283.53033447265625,65475.198071260565,13150.509032534554,66782.7631225721,66557.57335297843,11594.33213738534,67559.89274968627,68686.24618761735,14730.802922264023,70248.11008191295,False,False
1519416716066666664,188.53546142578125,235.5760498046875,70.14981079101562,238.3060302734375,307.8977966308594,246.9779052734375,199.84225463867188,282.88616943359375,79.98904418945312,282.6985778808594,319.9442443847656,283.5609130859375,65347.79512228378,13065.835413241304,66641.20633954556,66377.85636149845,11512.260662293686,67368.7758587338,68491.05872116101,14616.265912649073,70033.2803313881,False,False
1519416716074999997,188.52206420898438,234.39646911621094,70.14280700683594,237.17091369628906,307.8703918457031,245.72454833984375,199.80624389648438,282.8832702636719,79.9542465209961,282.7015075683594,319.90753173828125,283.5610656738281,65025.04397785552,12974.61558495132,66306.83972185152,66067.91537706477,11425.495507347136,67048.57485330617,68145.88028492076,14531.029199659542,69677.91478946617,False,False
1519416716083333330,188.52548217773438,233.42596435546875,70.07742309570312,236.13623046875,307.8647766113281,244.51657104492188,199.75814819335938,282.8786315917969,79.90692138671875,282.6936950683594,319.85968017578125,283.561279296875,64766.340357272435,12862.457958467774,66031.21737487055,65774.28066391584,11396.067845286741,66754.22353072464,67821.56815553272,14409.614194224148,69335.43169478326,False,False
1519416716091666663,188.50022888183594,233.370361328125,69.9909896850586,235.63473510742188,307.91021728515625,244.14300537109375,199.7086944580078,282.88665771484375,79.86003112792969,282.69049072265625,319.8131408691406,283.574951171875,64758.17582199304,12832.407686731407,66017.3615258187,65625.9843462751,11417.031521789755,66611.6988988202,67744.22827047546,14279.558292297306,69232.84082706273,False,False
1519416716099999996,188.46568298339844,233.6896514892578,69.9306411743164,235.793212890625,307.90289306640625,244.3387908935547,199.6585693359375,282.8730163574219,79.81047821044922,282.6762390136719,319.76336669921875,283.5609130859375,64847.14038091955,12831.712911827213,66104.49660828104,65664.65714536881,11436.506803278417,66653.13860487193,67805.76703429408,14240.06923444276,69284.93064809032,False,False
1519416716108333329,188.460205078125,234.3264923095703,69.90650939941406,236.36019897460938,307.9049987792969,244.890869140625,199.6064453125,282.8729553222656,79.758544921875,282.6891174316406,319.70928955078125,283.568603515625,65034.29851987464,12813.736545083668,66284.62738990829,65831.10770980982,11432.587458334658,66816.4560440993,67974.77854005709,14205.983850953215,69443.36177593471,False,False
1519416716116666662,188.39402770996094,235.06983947753906,69.90274810791016,236.69955444335938,307.9500427246094,245.6847381591797,199.56263732910156,282.8806457519531,79.71752166748047,282.7027282714844,319.665771484375,283.5920715332031,65237.35492540611,12880.20557314298,66496.70798821421,65936.23146247433,11406.674289556871,66915.60982178245,68222.7276208215,14147.7804076634,69674.24383865437,False,False
1519416716124999995,188.31878662109375,235.69024658203125,69.91142272949219,237.28302001953125,307.9081726074219,246.5541534423828,199.51771545410156,282.86444091796875,79.67322540283203,282.6864013671875,319.621826171875,283.5772705078125,65398.942782462786,12948.068788829687,66668.38982924446,66105.48999790958,11373.0206671446,67076.6830348596,68461.09128850016,14194.625188689632,69917.1538655553,False,False
1519416716133333328,188.3274688720703,236.4748077392578,69.91365051269531,238.52684020996094,307.7907409667969,247.45716857910156,199.46836853027344,282.86358642578125,79.62074279785156,282.68963623046875,319.5714111328125,283.56201171875,65629.56707003937,12924.667830610913,66890.11221647356,66463.65714199998,11369.308649086075,67429.065690157,68691.42590445482,14326.20244472165,70169.45253651589,False,False
1519416716141666661,188.31558227539062,237.41531372070312,69.89697265625,239.7317352294922,307.7052307128906,248.50448608398438,199.42279052734375,282.8645324707031,79.57221221923828,282.701416015625,319.52252197265625,283.5528869628906,65898.42780691021,12937.367381667958,67156.371716992,66808.51783043212,11390.076333949999,67772.50101326033,68970.7208399328,14430.458717134868,70464.16445234325,False,False
1519416716149999994,188.22186279296875,238.4038543701172,69.8883056640625,240.5584259033203,307.69476318359375,249.81988525390625,199.37335205078125,282.8478088378906,79.52293395996094,282.6966552734375,319.47088623046875,283.5452880859375,66158.84138694151,13041.602122858476,67432.00782709522,67045.8554616791,11381.642128283976,68005.0624007117,69344.34806007083,14456.632514614746,70835.25133391471,False,False
1519416716158333327,188.14495849609375,239.2209930419922,69.85382843017578,241.2812042236328,307.67205810546875,250.7967987060547,199.32363891601562,282.8503723144531,79.47294616699219,282.6918640136719,319.42242431640625,283.55316162109375,66379.98713234294,13117.925112854136,67663.74694736069,67249.24859028032,11397.441114944853,68208.2333734422,69623.96764564802,14482.270358121772,71114.22519755084,False,False
1519416716166666660,188.10565185546875,239.6086883544922,69.79511260986328,241.89193725585938,307.6014404296875,251.20730590820312,199.27984619140625,282.8566589355469,79.42720794677734,282.6882629394531,319.37933349609375,283.5516662597656,66490.07268773991,13134.270879740689,67774.91303988034,67416.02186296825,11441.415007761745,68380.01156191807,69730.58403684587,14539.401250367886,71230.25016689766,False,False
1519416716174999993,188.05880737304688,239.74688720703125,69.72203063964844,242.13375854492188,307.5400085449219,251.3118133544922,199.23609924316406,282.8537292480469,79.38386535644531,282.69085693359375,319.3350524902344,283.5486145019531,66527.02246276787,13145.306817174433,67813.30112211964,67478.08368462657,11487.984226179558,68448.99969561584,69754.48550612913,14566.174307163528,71259.1164846397,False,False
1519416716183333326,188.00335693359375,239.6075439453125,69.64047241210938,242.00741577148438,307.4573059082031,251.09231567382812,199.1955108642578,282.871826171875,79.34425354003906,282.7071533203125,319.2950134277344,283.5655517578125,66489.19995175597,13155.754381730627,67778.22352036834,67438.33769828368,11532.026721283573,68417.22759516165,69686.86765839164,14606.215690429535,71201.13103619592,False,False
1519416716191666659,187.98681640625,239.5342254638672,69.61731719970703,242.32252502441406,307.357421875,251.11599731445312,199.1612548828125,282.8902587890625,79.30909729003906,282.71331787109375,319.26190185546875,283.57769775390625,66477.24943502143,13132.032125608403,67761.89903031103,67530.0363844175,11533.149523948865,68507.80504455323,69679.35359263136,14689.43318306719,71210.89638760872,False,False
1519416716199999992,188.0537109375,240.33282470703125,69.52392578125,243.41014099121094,307.302490234375,251.44036865234375,199.11846923828125,282.8779296875,79.26627349853516,282.68292236328125,319.2225341796875,283.5636291503906,66721.07437154831,13047.540806053348,67984.85188907385,67815.5885741589,11643.524851867232,68807.88998825382,69761.90060815756,14726.628939931423,71299.34344997071,False,False
1519416716208333325,188.03041076660156,240.7666473388672,69.34886932373047,243.30343627929688,307.32098388671875,251.14093017578125,199.06784057617188,282.8843688964844,79.21766662597656,282.68072509765625,319.1745910644531,283.57501220703125,66849.26059866333,13039.50659406686,68109.12108377786,67759.4826739357,11787.901329499402,68777.19178618304,69698.62840461101,14628.873052876996,71217.29234028235,False,False
1519416716216666658,187.8854522705078,239.42282104492188,69.29682159423828,241.416015625,307.33642578125,249.89784240722656,199.03282165527344,282.9207763671875,79.18553924560547,282.7281188964844,319.13934326171875,283.6286315917969,66459.69429567539,13095.943502220625,67737.6904100515,67241.041087838,11721.796755628635,68255.09596914054,69379.60385648134,14497.841404767287,70878.18307970419,False,False
1519416716224999991,187.8357391357422,238.18951416015625,69.23638916015625,240.0358428955078,307.3031005859375,248.51368713378906,199.0025634765625,282.9296875,79.15689849853516,282.7345886230469,319.1111145019531,283.6456604003906,66115.00400599775,13051.3447725531,67390.88480710983,66851.67735813378,11692.145832543678,67866.43529584771,68998.17788048385,14424.54256861619,70489.82890559964,False,False
1519416716233333324,187.80221557617188,238.27073669433594,69.15910339355469,239.84129333496094,307.29803466796875,248.32176208496094,198.96127319335938,282.9311828613281,79.11460876464844,282.7211608886719,319.0713806152344,283.634033203125,66139.66793122362,13046.898843513329,67414.22137416851,66787.17371279867,11722.910008405877,67808.20888070064,68950.77311748911,14371.094355916757,70432.50291226432,False,False
1519416716241666657,187.73529052734375,238.42208862304688,69.16510772705078,240.00328063964844,307.2708740234375,248.79046630859375,198.9214630126953,282.9479675292969,79.07298278808594,282.7369079589844,319.0299072265625,283.64019775390625,66179.42061540415,13087.281311200533,67461.04538998101,66845.73314328099,11675.91577425143,67857.78546806658,69086.01291973384,14381.275001621152,70566.9770630561,False,False
1519416716249999990,187.66128540039062,237.47642517089844,69.12222290039062,239.21951293945312,307.17779541015625,248.015380859375,198.88531494140625,282.94482421875,79.0350341796875,282.7492370605469,318.9904479980469,283.635986328125,65907.5709871724,13078.777849467957,67192.725376077,66629.34054973054,11644.034130522585,67639.13477362599,68856.31224373064,14400.702933173245,70346.0871745944,False,False
1519416716258333323,187.55892944335938,235.99949645996094,69.1050796508789,237.730224609375,307.1069641113281,246.76846313476562,198.84559631347656,282.9404602050781,78.9946060180664,282.76495361328125,318.94696044921875,283.63421630859375,65482.41608633598,13068.831985195542,66773.80613654805,66222.90996876342,11545.274141805023,67221.77593414485,68502.85816034801,14360.90663279975,69991.97965090536,False,False
1519416716266666656,187.47976684570312,235.47825622558594,69.12621307373047,237.17495727539062,307.0746154785156,246.57012939453125,198.80239868164062,282.9382019042969,78.9515380859375,282.7705993652344,318.90142822265625,283.63458251953125,65329.068780786525,13080.87352598764,66625.79440402659,66082.4173450901,11444.497978675896,67066.10482318606,68451.18908329641,14333.632912496576,69935.81571260467,False,False
1519416716274999990,187.3870391845703,235.91160583496094,69.11282348632812,237.56556701660156,307.02752685546875,247.32846069335938,198.7513427734375,282.9118347167969,78.90016174316406,282.7544250488281,318.8481750488281,283.6163024902344,65433.64655193018,13151.318915904347,66742.18523775459,66195.04928029634,11418.806125177909,67172.71531317804,68658.83329792344,14369.402612734619,70146.38352245186,False,False
1519416716283333323,187.30703735351562,236.16905212402344,69.10429382324219,238.13536071777344,306.91168212890625,248.04464721679688,198.6964111328125,282.9035339355469,78.84504699707031,282.7586364746094,318.7921142578125,283.6126708984375,65497.364378044156,13193.944553424508,66813.0594520946,66364.0890441392,11392.40984399947,67334.82989294687,68841.69217295175,14482.666537299481,70348.60489921644,False,False
1519416716291666656,187.27114868164062,235.5211639404297,69.06818389892578,238.0729522705078,306.7556457519531,247.63241577148438,198.64759826660156,282.91033935546875,78.79605102539062,282.76092529296875,318.74493408203125,283.6094055175781,65322.22155605586,13143.331426703795,66631.37241578195,66349.79383933422,11374.594369823726,67317.72827123757,68698.89761171365,14588.978198390223,70230.88222383242,False,False
1519416716299999989,187.21981811523438,234.90736389160156,69.00012969970703,237.6867218017578,306.647216796875,246.96286010742188,198.59628295898438,282.8934631347656,78.74435424804688,282.735595703125,318.6954650878906,283.58477783203125,65148.093051098134,13108.313489858494,66453.75768715376,66232.97482966712,11374.033234995377,67202.49687934294,68492.19100177004,14618.757971126215,70034.90781632625,False,False
1519416716308333322,187.14801025390625,235.4854736328125,68.92129516601562,237.95858764648438,306.6095275878906,247.3080596923828,198.53994750976562,282.88946533203125,78.68927001953125,282.7275390625,318.640625,283.5841064453125,65303.94946342547,13158.022954889124,66616.35972944647,66302.11682375608,11414.202967099589,67277.44588407874,68592.14459202129,14618.625441056167,70132.63512458839,False,False
1519416716316666655,187.1160430908203,236.43348693847656,68.8104248046875,238.70501708984375,306.565185546875,247.9136962890625,198.49452209472656,282.913818359375,78.64579010009766,282.7411804199219,318.5974426269531,283.6086120605469,65575.5949968053,13196.728844736366,66890.30057778582,66499.78863937229,11528.783553928724,67491.73830414005,68765.76615981349,14657.083392956005,70310.45931534097,False,False
1519416716324999988,187.12033081054688,236.69493103027344,68.702880859375,239.13926696777344,306.4883728027344,247.86392211914062,198.45541381835938,282.91943359375,78.60516357421875,282.7276611328125,318.56060791015625,283.59967041015625,65659.39800101971,13161.856931494738,66965.59582159668,66604.04485495966,11627.001081573224,67611.28563481383,68739.55097428331,14701.645114075038,70294.12661955692,False,False
1519416716333333321,187.06687927246094,236.55853271484375,68.5933837890625,238.98873901367188,306.42816162109375,247.48251342773438,198.406982421875,282.91412353515625,78.55476379394531,282.709228515625,318.51361083984375,283.58538818359375,65619.17655985839,13159.77483391167,66925.7499477826,66545.76123924047,11687.569145379632,67564.32203047723,68626.93224251184,14694.111038044883,70182.4246390555,False,False
1519416716341666654,186.95767211914062,236.52276611328125,68.49993896484375,238.66207885742188,306.41375732421875,247.40090942382812,198.35861206054688,282.91607666015625,78.50784301757812,282.7113037109375,318.4656066894531,283.5997619628906,65595.70012539017,13227.533080772422,66916.09302957727,66445.79212973356,11725.63744162642,67472.46746014431,68616.38354940424,14649.774340520647,70162.83902200032,False,False
1519416716349999987,186.88668823242188,236.61865234375,68.46659851074219,238.70721435546875,306.3997497558594,247.62962341308594,198.31068420410156,282.9007873535156,78.46125793457031,282.69622802734375,318.4179382324219,283.59417724609375,65613.41625485502,13258.584537409371,66939.60305057466,66457.52348409522,11711.867422132673,67481.62910120562,68687.06725430206,14622.678152030468,70226.31931359414,False,False
1519416716358333320,186.85923767089844,237.15792846679688,68.39222717285156,239.21665954589844,306.3616943359375,247.96971130371094,198.25595092773438,282.8879089355469,78.40616607666016,282.6822204589844,318.3636474609375,283.5802307128906,65766.28170869338,13256.882516802441,67089.11047145817,66592.10318049148,11758.689414413042,67622.29649121547,68782.16392775254,14622.550897887055,70319.30794131523,False,False
1519416716366666653,186.82444763183594,237.9525909423828,68.31171417236328,239.62872314453125,306.3666687011719,248.4439239501953,198.20498657226562,282.887939453125,78.35609436035156,282.68682861328125,318.3121032714844,283.5879821777344,65990.40899738649,13282.676522887532,67313.91813922301,66701.63141589759,11814.576691172491,67739.88379037754,68930.0040032066,14582.927399310402,70455.71107735438,False,False
1519416716374999986,186.74615478515625,238.25657653808594,68.30682373046875,239.71807861328125,306.357177734375,248.92953491210938,198.1576385498047,282.8730773925781,78.3095703125,282.6795349121094,318.2621765136719,283.5821533203125,66064.04845340562,13334.628898091521,67396.3710143487,66733.3525895783,11770.18905303324,67763.39497242682,69073.61014561528,14562.386791805504,70591.97353539988,False,False
1519416716383333319,186.70582580566406,238.99197387695312,68.27603149414062,240.4855194091797,306.3108825683594,249.75021362304688,198.10528564453125,282.8663330078125,78.25614166259766,282.6761779785156,318.2077331542969,283.5727233886719,66269.1857329483,13361.561585015768,67602.78326887266,66950.85953760963,11781.280251447646,67979.52748576505,69301.10673810254,14600.055330960602,70822.34824398998,False,False
1519416716391666652,186.70654296875,239.87464904785156,68.24900817871094,241.5570068359375,306.2647399902344,250.7224578857422,198.05491638183594,282.87359619140625,78.20370483398438,282.68853759765625,318.1563415527344,283.57843017578125,66527.578682359,13351.942109559976,67854.20461131727,67257.34311257524,11804.45856881658,68285.39700891823,69573.62928044505,14650.812593210148,71099.4810170522,False,False
1519416716399999985,186.65481567382812,239.93809509277344,68.26193237304688,241.9301300048828,306.19781494140625,251.2158660888672,198.0055389404297,282.8656921386719,78.15348815917969,282.6925964355469,318.1054382324219,283.5812072753906,66542.76781570178,13357.829583676717,67870.25533885184,67375.18801229115,11748.620790135561,68391.85660706973,69707.12142719205,14699.281266886794,71240.09859221382,False,False
1519416716408333318,186.60787963867188,240.00485229492188,68.24457550048828,242.1224822998047,306.15203857421875,251.4266815185547,197.95452880859375,282.8706970214844,78.10346221923828,282.7013244628906,318.05450439453125,283.5933837890625,66563.40943704393,13357.049451243778,67890.33985720295,67437.53152581601,11719.8750200887,68448.34642839758,69769.93793661598,14705.968037771763,71302.94338670185,False,False
1519416716416666651,186.59906005859375,240.13307189941406,68.25074005126953,242.40516662597656,306.1184387207031,251.69427490234375,197.91079711914062,282.889892578125,78.0596694946289,282.7236328125,318.0107727050781,283.6083068847656,66611.62090798432,13324.506113312511,67931.21891408043,67531.80025903347,11675.606381524969,68533.66932101548,69850.47170148035,14710.04256958885,71382.58715764247,False,False
1519416716424999984,186.6291046142578,240.32029724121094,68.24198913574219,242.75888061523438,306.063232421875,251.84234619140625,197.86863708496094,282.90313720703125,78.01748657226562,282.7338562011719,317.9701232910156,283.61334228515625,66683.42991596757,13251.49476596529,67987.36602406483,67639.59856204124,11653.600437101608,68636.15444342513,69889.06368089368,14736.714668334604,71425.84953228012,False,False
1519416716433333317,186.67723083496094,240.8878631591797,68.2051010131836,243.34788513183594,306.03424072265625,252.08700561523438,197.8231201171875,282.91607666015625,77.97167205810547,282.733154296875,317.9272766113281,283.61224365234375,66865.59461781083,13174.132154388044,68151.04916004371,67805.36296496936,11671.28291212722,68802.51515479758,69960.25337295474,14734.056919075942,71494.9612581376,False,False
1519416716441666650,186.6210479736328,241.55865478515625,68.00111389160156,243.54981994628906,306.0066223144531,251.99896240234375,197.78323364257812,282.92425537109375,77.93574523925781,282.7434387207031,317.88848876953125,283.6375427246094,67049.97085321521,13230.270848343667,68342.80253353342,67829.54182483684,11880.401681365727,68862.11359142186,69944.92796579766,14716.58978471211,71476.366464952,False,False
1519416716449999983,186.35165405273438,239.79701232910156,67.54568481445312,240.70799255371094,305.8696594238281,249.0203399658203,197.7547607421875,282.93505859375,77.9154052734375,282.740966796875,317.86572265625,283.67938232421875,66507.71324000509,13414.060160552173,67846.98173394054,66946.40092727206,12250.395921645442,68058.01053037122,69099.24942597152,14682.5366596407,70641.93622767087,False,False
1519416716458333316,186.07069396972656,235.32510375976562,67.36505889892578,235.94972229003906,305.68572998046875,244.61807250976562,197.72824096679688,282.9533386230469,77.88823699951172,282.7335205078125,317.8429260253906,283.6824035644531,65212.540273390296,13454.48448197718,66586.0237706406,65588.89220443014,12183.629068313743,66710.89564590342,67837.58146710726,14613.964361857486,69393.84276487399,False,False
1519416716466666649,185.99986267089844,232.33338928222656,67.48188781738281,233.58334350585938,305.5767822265625,242.46487426757812,197.69833374023438,282.9775390625,77.8534164428711,282.7674560546875,317.80841064453125,283.689697265625,64379.48745624737,13330.559292082511,65745.13074113429,64970.584151442614,11890.963967779098,66049.76781990007,67223.30951412377,14573.04189709114,68784.78677851708,False,False
1519416716474999982,185.9710693359375,231.00706481933594,67.4549560546875,232.41346740722656,305.52056884765625,241.1788787841797,197.6664276123047,282.9927673339844,77.8211669921875,282.7917785644531,317.77459716796875,283.7101745605469,64016.128293784095,13251.694366305474,65373.32854692498,64651.84465367981,11826.426730098297,65724.61781042116,66865.92159030249,14522.937590010142,68424.9018001766,False,False
1519416716483333315,185.87342834472656,229.5476837158203,67.361328125,230.64077758789062,305.485107421875,239.57057189941406,197.62640380859375,282.99859619140625,77.7828140258789,282.7931823730469,317.7361145019531,283.720458984375,63599.744017242076,13232.211551031322,64961.67225056607,64147.6912136594,11798.17184368771,65223.639479073696,66423.19299958729,14423.11147576391,67971.07261845097,False,False
1519416716491666648,185.76007080078125,228.29673767089844,67.32206726074219,229.22752380371094,305.4310607910156,238.46876525878906,197.58383178710938,283.011474609375,77.74177551269531,282.8102111816406,317.6941223144531,283.73876953125,63239.72095476723,13238.838986956314,64610.59637675062,63758.828437921424,11724.606348294627,64827.884415572036,66118.95163161895,14371.61590037902,67662.8340261653,False,False
1519416716499999981,185.67909240722656,227.35328674316406,67.30320739746094,228.36636352539062,305.3618469238281,237.71151733398438,197.54237365722656,283.0193176269531,77.69927978515625,282.82073974609375,317.652099609375,283.74114990234375,62971.014948380915,13227.931952890003,64345.372074295294,63526.477741043585,11654.789099268244,64586.74386537634,65902.74026901508,14357.377028790317,67448.53927337565,False,False
1519416716508333314,185.60691833496094,226.41748046875,67.28848266601562,227.4971923828125,305.3143005371094,236.97471618652344,197.4987030029297,283.0260925292969,77.65445709228516,282.8354797363281,317.6059265136719,283.7426452636719,62706.76042116208,13204.996856361235,64082.05477739871,63294.08243067036,11577.788312527964,64344.2775462605,65698.47392453818,14314.525600858537,67239.83283137204,False,False
1519416716516666647,185.53712463378906,225.33152770996094,67.26145935058594,226.50315856933594,305.2529296875,236.07630920410156,197.4558563232422,283.0303649902344,77.61271667480469,282.8490295410156,317.562255859375,283.7525329589844,62400.75805058282,13171.210314711629,63775.664531557355,63023.50110053158,11511.564216751212,64066.19858931145,65447.27316677325,14280.973093129132,66987.25070827221,False,False
1519416716524999980,185.50921630859375,224.43763732910156,67.22216796875,225.8711395263672,305.1556091308594,235.2469940185547,197.4104461669922,283.0199279785156,77.56559753417969,282.8446350097656,317.5152893066406,283.7386779785156,62154.926556868086,13099.490820154017,63520.32395255053,62848.23586946196,11470.67854764827,63886.44001857517,65201.64705578787,14287.417972630043,66748.67108124448,False,False
1519416716533333313,185.4564208984375,223.9902801513672,67.1998291015625,225.64276123046875,305.0579833984375,234.99232482910156,197.36058044433594,283.0068054199219,77.51256561279297,282.8414001464844,317.4617919921875,283.7206115722656,62027.492449167905,13075.945930357433,63390.773630751755,62790.10145165339,11425.314795767243,63821.114519344635,65115.904559330564,14321.197852361032,66672.1661153012,False,False
1519416716541666646,185.4001007080078,224.12881469726562,67.1948013305664,225.94268798828125,304.9893493652344,235.3391571044922,197.30780029296875,282.9933166503906,77.45933532714844,282.8297119140625,317.4082336425781,283.7065734863281,62062.088814095616,13087.244138251095,63426.956628100015,62880.56667515784,11387.131755893548,63903.305352814496,65205.008664844805,14358.782562463985,66767.26586927613,False,False
1519416716549999979,185.34732055664062,224.3414764404297,67.1575927734375,226.27589416503906,304.9235534667969,235.5920867919922,197.25369262695312,282.9871826171875,77.40471649169922,282.81805419921875,317.35498046875,283.6940612792969,62119.93261248179,13097.9385749185,63485.76236205734,62974.16559134722,11384.319513872912,63994.9080999447,65269.06053675579,14387.869172801515,66836.07590728486,False,False
1519416716558333312,185.28091430664062,224.1944580078125,67.1009750366211,226.3331298828125,304.8280334472656,235.5994110107422,197.2022705078125,282.9917907714844,77.35196685791016,282.817138671875,317.3038024902344,283.6930236816406,62076.808911756656,13105.803131914246,63445.191152673215,62989.121879526865,11391.414769564712,64010.888180106886,65259.69609861621,14438.773597749198,66837.90928725108,False,False
1519416716566666645,185.2977294921875,224.73806762695312,67.0732192993164,227.1728515625,304.7683410644531,236.27040100097656,197.15341186523438,282.9939270019531,77.30255126953125,282.8116455078125,317.255126953125,283.69268798828125,62242.815609921265,13066.344612550734,63599.508304581985,63225.90845178459,11409.55530288296,64247.12796509266,65442.6936617139,14492.461870735035,67028.18515203614,False,False
1519416716574999978,185.32308959960938,226.24789428710938,67.02660369873047,228.6487579345703,304.77093505859375,237.6102294921875,197.09910583496094,282.9730224609375,77.24860382080078,282.7821044921875,317.2012939453125,283.67156982421875,62674.57223964643,13066.022393863352,64022.05047184601,63631.49893980942,11474.339364750378,64657.77695826255,65823.22376068367,14508.74184475877,67403.26680634171,False,False
1519416716583333311,185.23394775390625,227.80801391601562,66.959716796875,229.94085693359375,304.758544921875,239.09617614746094,197.03421020507812,282.944091796875,77.18473815917969,282.7522277832031,317.13702392578125,283.65032958984375,63094.72794546688,13181.47704053488,64456.9316015169,63983.712568314004,11541.33586942335,65016.28955635242,66243.09534530829,14538.406745264394,67819.70916789863,False,False
1519416716591666644,185.1502685546875,229.30245971679688,66.90377044677734,231.29452514648438,304.72021484375,240.54330444335938,196.97470092773438,282.94195556640625,77.12679290771484,282.756103515625,317.0787048339844,283.6623840332031,63502.55423518858,13294.638215734216,64879.2863684576,64361.673644532144,11607.193759630014,65399.93869491666,66651.96245792414,14603.769704169858,68233.0872016279,False,False
1519416716599999977,185.09735107421875,230.48179626464844,66.82262420654297,232.2012939453125,304.699462890625,241.49087524414062,196.92520141601562,282.9317626953125,77.07899475097656,282.74810791015625,317.0299987792969,283.6633605957031,63826.06061397138,13366.340669138577,65210.620886338875,64605.37750224179,11689.973676492587,65654.47651732713,66921.89967855359,14628.699863541013,68502.11322495063,False,False
1519416716608333310,185.0473175048828,231.48843383789062,66.72513580322266,232.73399353027344,304.715576171875,242.2491455078125,196.87161254882812,282.92010498046875,77.0280532836914,282.7286376953125,316.9780578613281,283.6585388183594,64103.01477962603,13420.187830408533,65492.73200318031,64739.59216020904,11768.583298485164,65800.56493620388,67148.2726780694,14594.637487013611,68716.03864474222,False,False
1519416716616666643,185.03488159179688,232.46881103515625,66.62885284423828,233.5897674560547,304.6917724609375,243.0281524658203,196.82235717773438,282.93426513671875,76.98072814941406,282.7265319824219,316.932373046875,283.6707458496094,64386.367304807136,13436.324984142204,65773.39221743867,64967.04218358183,11867.286018730952,66042.02485943073,67372.6890187566,14616.471554562379,68939.97727243183,False,False
1519416716624999976,185.0173797607422,232.92417907714844,66.55755615234375,234.4237823486328,304.5825500488281,243.5158233642578,196.77798461914062,282.9236755371094,76.93396759033203,282.7108154296875,316.8877868652344,283.64788818359375,64516.381431428796,13431.88506445082,65899.7648659707,65190.271971266986,11936.913166863274,66274.13866389357,67485.87856901335,14720.762658099262,69072.74903656077,False,False
1519416716633333309,185.03843688964844,234.01719665527344,66.44883728027344,235.60983276367188,304.52520751953125,244.19529724121094,196.72262573242188,282.9089050292969,76.87577056884766,282.69677734375,316.83074951171875,283.6273498535156,64833.68606578564,13407.753408981822,66205.54886376904,65506.240245007495,12054.47768739457,66606.14043278992,67669.2033461487,14761.129054354536,69260.46500321617,False,False
1519416716641666642,184.96456909179688,234.32579040527344,66.341064453125,235.5269012451172,304.5088806152344,244.16368103027344,196.6734619140625,282.9297790527344,76.82508850097656,282.7186279296875,316.7803649902344,283.6463928222656,64918.175856154616,13454.416264449908,66297.74410572136,65476.20378603067,12116.413991099504,66587.84236055054,67673.74669550845,14719.985001720192,69256.1473824433,False,False
1519416716649999975,184.76783752441406,232.5167999267578,66.34681701660156,233.7085723876953,304.40374755859375,242.94451904296875,196.63525390625,282.93060302734375,76.78632354736328,282.73687744140625,316.7393798828125,283.6505126953125,64380.012067726326,13528.762787850703,65786.11841726582,64984.22683751608,11973.160558597889,66078.03198818583,67320.37455679897,14722.078299391565,68911.33738305418,False,False
1519416716658333308,184.7094268798828,231.8109893798828,66.35244750976562,233.2286834716797,304.31207275390625,242.4495849609375,196.587646484375,282.9137268066406,76.74112701416016,282.7290344238281,316.6923828125,283.6461181640625,64178.212339709135,13498.992535630072,65582.51092019724,64859.565344487324,11890.71167840808,65940.52047788864,67170.70980860777,14744.240826736639,68769.883624658,False,False
